# ncu achieved-occupancy/DRAM | arch sm_89 | commit b2b42c3 | digest vastai/base-image:cuda-13.0.3-auto@sha256:8f20625442b1bdbed1ed7ea39005db2120212c3ca7439a809bad798b847e923d
==PROF== Connected to process 8088 (/root/GBSKernels/core/build/bench_kernels)
{"func":"perm","matrix_dim":8,"batch":2048,"repeats":3,"evals_per_sec_median":7.058686e+06,"evals_per_sec_iqr":1.220374e+05,"evals_per_sec_best":7.062605e+06,"checksum":6.373380114700e+04}
{"func":"perm","matrix_dim":12,"batch":2048,"repeats":3,"evals_per_sec_median":3.761774e+05,"evals_per_sec_iqr":2.976746e+03,"evals_per_sec_best":3.792797e+05,"checksum":3.117290470793e+06}
{"func":"perm","matrix_dim":16,"batch":2048,"repeats":3,"evals_per_sec_median":1.862225e+04,"evals_per_sec_iqr":5.749248e+01,"evals_per_sec_best":1.866891e+04,"checksum":2.791981220566e+08}
{"func":"perm_coop","groups":8,"matrix_dim":12,"batch":2048,"repeats":3,"evals_per_sec_median":3.176292e+06,"evals_per_sec_iqr":5.026103e+03,"evals_per_sec_best":3.180984e+06,"checksum":3.117290470793e+06}
{"func":"perm_coop","groups":8,"matrix_dim":16,"batch":2048,"repeats":3,"evals_per_sec_median":1.789136e+05,"evals_per_sec_iqr":3.196524e+02,"evals_per_sec_best":1.794167e+05,"checksum":2.791981220566e+08}
{"func":"perm_coop","groups":8,"matrix_dim":20,"batch":2048,"repeats":3,"evals_per_sec_median":8.502323e+03,"evals_per_sec_iqr":5.782051e+01,"evals_per_sec_best":8.525763e+03,"checksum":4.321364440415e+10}
{"func":"haf_coop","groups":8,"matrix_dim":12,"batch":2048,"repeats":3,"evals_per_sec_median":2.636028e+05,"evals_per_sec_iqr":4.262317e+02,"evals_per_sec_best":2.636367e+05,"checksum":5.291431136761e+04}
{"func":"haf_coop","groups":8,"matrix_dim":16,"batch":2048,"repeats":3,"evals_per_sec_median":2.139570e+04,"evals_per_sec_iqr":6.678397e+00,"evals_per_sec_best":2.140537e+04,"checksum":4.735955066745e+05}
{"func":"haf_coop","groups":8,"matrix_dim":20,"batch":2048,"repeats":3,"evals_per_sec_median":2.142424e+03,"evals_per_sec_iqr":1.857158e-01,"evals_per_sec_best":2.142563e+03,"checksum":5.617202296297e+06}
{"func":"lhaf_coop","groups":8,"matrix_dim":12,"batch":2048,"repeats":3,"evals_per_sec_median":2.238442e+05,"evals_per_sec_iqr":3.244603e+02,"evals_per_sec_best":2.243059e+05,"checksum":1.340510006050e+05}
{"func":"lhaf_coop","groups":8,"matrix_dim":16,"batch":2048,"repeats":3,"evals_per_sec_median":2.127450e+04,"evals_per_sec_iqr":1.705744e+01,"evals_per_sec_best":2.128600e+04,"checksum":1.503771221544e+06}
{"func":"tor_coop","groups":8,"matrix_dim":12,"batch":2048,"repeats":3,"evals_per_sec_median":1.783595e+06,"evals_per_sec_iqr":4.716940e+03,"evals_per_sec_best":1.784417e+06,"checksum":7.188371238747e-04}
{"func":"tor_coop","groups":8,"matrix_dim":16,"batch":2048,"repeats":3,"evals_per_sec_median":2.822496e+05,"evals_per_sec_iqr":9.002421e+02,"evals_per_sec_best":2.824415e+05,"checksum":1.734140231353e-05}
{"func":"tor_coop","groups":8,"matrix_dim":20,"batch":2048,"repeats":3,"evals_per_sec_median":4.174823e+04,"evals_per_sec_iqr":3.213687e+01,"evals_per_sec_best":4.179293e+04,"checksum":5.280263995346e-07}
{"func":"perm_coop","groups":32,"matrix_dim":12,"batch":2048,"repeats":3,"evals_per_sec_median":3.304100e+06,"evals_per_sec_iqr":8.729669e+03,"evals_per_sec_best":3.316025e+06,"checksum":3.117290470793e+06}
{"func":"perm_coop","groups":32,"matrix_dim":16,"batch":2048,"repeats":3,"evals_per_sec_median":1.894118e+05,"evals_per_sec_iqr":2.120580e+02,"evals_per_sec_best":1.895119e+05,"checksum":2.791981220566e+08}
{"func":"perm_coop","groups":32,"matrix_dim":20,"batch":2048,"repeats":3,"evals_per_sec_median":9.595731e+03,"evals_per_sec_iqr":8.712062e-01,"evals_per_sec_best":9.597312e+03,"checksum":4.321364440415e+10}
{"func":"haf_coop","groups":32,"matrix_dim":12,"batch":2048,"repeats":3,"evals_per_sec_median":9.471891e+04,"evals_per_sec_iqr":1.204459e+02,"evals_per_sec_best":9.481306e+04,"checksum":5.291431136761e+04}
{"func":"haf_coop","groups":32,"matrix_dim":16,"batch":2048,"repeats":3,"evals_per_sec_median":8.041732e+03,"evals_per_sec_iqr":4.425442e+00,"evals_per_sec_best":8.042221e+03,"checksum":4.735955066745e+05}
{"func":"haf_coop","groups":32,"matrix_dim":20,"batch":2048,"repeats":3,"evals_per_sec_median":7.909839e+02,"evals_per_sec_iqr":3.153920e-01,"evals_per_sec_best":7.912918e+02,"checksum":5.617202296297e+06}
{"func":"lhaf_coop","groups"==ERROR== ERR_NVGPUCTRPERM - The user does not have permission to access NVIDIA GPU Performance Counters on the target device 0. For instructions on enabling permissions and to get more information see https://developer.nvidia.com/ERR_NVGPUCTRPERM
:32,"matrix_dim":12,"batch":2048,"repeats":3,"evals_per_sec_median":8.319657e+04,"evals_per_sec_iqr":1.003555e+02,"evals_per_sec_best":8.334385e+04,"checksum":1.340510006050e+05}
{"func":"lhaf_coop","groups":32,"matrix_dim":16,"batch":2048,"repeats":3,"evals_per_sec_median":8.211732e+03,"evals_per_sec_iqr":2.995132e+00,"evals_per_sec_best":8.214544e+03,"checksum":1.503771221544e+06}
{"func":"tor_coop","groups":32,"matrix_dim":12,"batch":2048,"repeats":3,"evals_per_sec_median":7.996857e+05,"evals_per_sec_iqr":2.380382e+03,"evals_per_sec_best":8.011905e+05,"checksum":7.188371238698e-04}
{"func":"tor_coop","groups":32,"matrix_dim":16,"batch":2048,"repeats":3,"evals_per_sec_median":1.003231e+05,"evals_per_sec_iqr":2.041535e+02,"evals_per_sec_best":1.007234e+05,"checksum":1.734140233576e-05}
{"func":"tor_coop","groups":32,"matrix_dim":20,"batch":2048,"repeats":3,"evals_per_sec_median":1.313291e+04,"evals_per_sec_iqr":9.592548e+00,"evals_per_sec_best":1.313331e+04,"checksum":5.280264296226e-07}
{"func":"perm_warp","groups":32,"matrix_dim":12,"batch":2048,"repeats":3,"evals_per_sec_median":3.468265e+06,"evals_per_sec_iqr":3.992926e+03,"evals_per_sec_best":3.473088e+06,"checksum":3.117290470793e+06}
{"func":"perm_warp","groups":32,"matrix_dim":16,"batch":2048,"repeats":3,"evals_per_sec_median":1.895697e+05,"evals_per_sec_iqr":5.770137e+01,"evals_per_sec_best":1.895799e+05,"checksum":2.791981220566e+08}
{"func":"perm_warp","groups":32,"matrix_dim":20,"batch":2048,"repeats":3,"evals_per_sec_median":9.600337e+03,"evals_per_sec_iqr":2.749613e-01,"evals_per_sec_best":9.600472e+03,"checksum":4.321364440415e+10}
{"func":"perm_dd","matrix_dim":8,"batch":2048,"repeats":3,"evals_per_sec_median":7.971921e+05,"evals_per_sec_iqr":5.408075e+02,"evals_per_sec_best":7.972296e+05,"checksum":6.373380114700e+04}
{"func":"perm_dd","matrix_dim":12,"batch":2048,"repeats":3,"evals_per_sec_median":3.391548e+04,"evals_per_sec_iqr":6.123195e+00,"evals_per_sec_best":3.391717e+04,"checksum":3.117290470793e+06}
{"func":"perm_dd","matrix_dim":16,"batch":2048,"repeats":3,"evals_per_sec_median":1.585917e+03,"evals_per_sec_iqr":4.096408e-02,"evals_per_sec_best":1.585967e+03,"checksum":2.791981220566e+08}
{"func":"haf","matrix_dim":8,"batch":2048,"repeats":3,"evals_per_sec_median":1.827649e+06,"evals_per_sec_iqr":1.342824e+05,"evals_per_sec_best":2.089359e+06,"checksum":7.915371408232e+03}
{"func":"haf","matrix_dim":12,"batch":2048,"repeats":3,"evals_per_sec_median":1.315785e+05,"evals_per_sec_iqr":7.774234e+02,"evals_per_sec_best":1.316166e+05,"checksum":5.291431136761e+04}
{"func":"haf","matrix_dim":16,"batch":2048,"repeats":3,"evals_per_sec_median":1.016791e+04,"evals_per_sec_iqr":5.727279e+01,"evals_per_sec_best":1.025906e+04,"checksum":4.735955066745e+05}
{"func":"haf_small","matrix_dim":8,"batch":2048,"repeats":3,"evals_per_sec_median":1.940434e+06,"evals_per_sec_iqr":6.637987e+04,"evals_per_sec_best":1.986700e+06,"checksum":7.915371408232e+03}
{"func":"haf_small","matrix_dim":12,"batch":2048,"repeats":3,"evals_per_sec_median":1.314072e+05,"evals_per_sec_iqr":3.323387e+02,"evals_per_sec_best":1.317008e+05,"checksum":5.291431136761e+04}
{"func":"haf_dd","matrix_dim":8,"batch":2048,"repeats":3,"evals_per_sec_median":4.974148e+05,"evals_per_sec_iqr":9.226378e+02,"evals_per_sec_best":4.979323e+05,"checksum":7.915371408232e+03}
{"func":"haf_dd","matrix_dim":12,"batch":2048,"repeats":3,"evals_per_sec_median":2.594049e+04,"evals_per_sec_iqr":5.249573e+01,"evals_per_sec_best":2.600737e+04,"checksum":5.291431136761e+04}
{"func":"haf_dd","matrix_dim":16,"batch":2048,"repeats":3,"evals_per_sec_median":2.124180e+03,"evals_per_sec_iqr":2.849626e+00,"evals_per_sec_best":2.125009e+03,"checksum":4.735955066745e+05}
{"func":"lhaf","matrix_dim":8,"batch":2048,"repeats":3,"evals_per_sec_median":2.213205e+06,"evals_per_sec_iqr":1.557238e+04,"evals_per_sec_best":2.235818e+06,"checksum":1.604357154799e+04}
{"func":"lhaf","matrix_dim":12,"batch":2048,"repeats":3,"evals_per_sec_median":1.372792e+05,"evals_per_sec_iqr":3.274253e+02,"evals_per_sec_best":1.374966e+05,"checksum":1.340510006050e+05}
{"func":"lhaf","matrix_dim":16,"batch":2048,"repeats":3,"evals_per_sec_median":1.175813e+04,"evals_per_sec_iqr":1.157135e+01,"evals_per_sec_best":1.178092e+04,"checksum":1.503771221544e+06}
{"func":"lhaf_dd","matrix_dim":8,"batch":2048,"repeats":3,"evals_per_sec_median":3.900549e+05,"evals_per_sec_iqr":6.951459e+02,"evals_per_sec_best":3.913226e+05,"checksum":1.604357154799e+04}
{"func":"lhaf_dd","matrix_dim":12,"batch":2048,"repeats":3,"evals_per_sec_median":2.227190e+04,"evals_per_sec_iqr":3.687462e+01,"evals_per_sec_best":2.231469e+04,"checksum":1.340510006050e+05}
{"func":"tor","matrix_dim":8,"batch":2048,"repeats":3,"evals_per_sec_median":5.898991e+06,"evals_per_sec_iqr":6.967319e+05,"evals_per_sec_best":5.952294e+06,"checksum":4.161596923348e-02}
{"func":"tor","matrix_dim":12,"batch":2048,"repeats":3,"evals_per_sec_median":7.670711e+05,"evals_per_sec_iqr":9.079139e+02,"evals_per_sec_best":7.680546e+05,"checksum":7.188371238743e-04}
{"func":"tor","matrix_dim":16,"batch":2048,"repeats":3,"evals_per_sec_median":1.040219e+05,"evals_per_sec_iqr":1.003561e+02,"evals_per_sec_best":1.042013e+05,"checksum":1.734140231239e-05}
{"func":"tor_real_chol","matrix_dim":8,"batch":2048,"repeats":3,"evals_per_sec_median":1.674995e+07,"evals_per_sec_iqr":3.215919e+04,"evals_per_sec_best":1.677327e+07,"checksum":1.944262062066e-02}
{"func":"tor_recursive","matrix_dim":8,"batch":2048,"repeats":3,"evals_per_sec_median":1.741808e+07,"evals_per_sec_iqr":4.819172e+05,"evals_per_sec_best":1.754025e+07,"checksum":1.944262062061e-02}
{"func":"tor_real_chol","matrix_dim":12,"batch":2048,"repeats":3,"evals_per_sec_median":3.365399e+06,"evals_per_sec_iqr":1.992827e+04,"evals_per_sec_best":3.384693e+06,"checksum":1.848956405966e-04}
{"func":"tor_recursive","matrix_dim":12,"batch":2048,"repeats":3,"evals_per_sec_median":4.743508e+06,"evals_per_sec_iqr":1.647046e+04,"evals_per_sec_best":4.773704e+06,"checksum":1.848956406342e-04}
{"func":"tor_real_chol","matrix_dim":16,"batch":2048,"repeats":3,"evals_per_sec_median":5.074483e+05,"evals_per_sec_iqr":1.526529e+03,"evals_per_sec_best":5.104762e+05,"checksum":2.659397921212e-06}
{"func":"tor_recursive","matrix_dim":16,"batch":2048,"repeats":3,"evals_per_sec_median":9.555185e+05,"evals_per_sec_iqr":5.407500e+03,"evals_per_sec_best":9.646913e+05,"checksum":2.659398137927e-06}
{"func":"perm_certified","matrix_dim":8,"batch":2048,"repeats":3,"evals_per_sec_median":9.673249e+05,"evals_per_sec_iqr":2.986150e+03,"evals_per_sec_best":9.693206e+05,"checksum":4.357675557101e+00}
{"func":"perm_certified","matrix_dim":12,"batch":2048,"repeats":3,"evals_per_sec_median":4.338269e+04,"evals_per_sec_iqr":1.306676e+01,"evals_per_sec_best":4.338749e+04,"checksum":1.633319352944e+00}
{"func":"perm_certified","matrix_dim":16,"batch":2048,"repeats":3,"evals_per_sec_median":2.062575e+03,"evals_per_sec_iqr":3.032674e-01,"evals_per_sec_best":2.062744e+03,"checksum":1.207922004873e+00}
{"func":"haf_certified","matrix_dim":8,"batch":2048,"repeats":3,"evals_per_sec_median":7.707718e+05,"evals_per_sec_iqr":1.018358e+04,"evals_per_sec_best":7.754944e+05,"checksum":1.630652659287e+01}
{"func":"haf_certified","matrix_dim":12,"batch":2048,"repeats":3,"evals_per_sec_median":5.094376e+04,"evals_per_sec_iqr":3.102640e+02,"evals_per_sec_best":5.119085e+04,"checksum":4.745852579259e+00}
{"func":"haf_certified","matrix_dim":16,"batch":2048,"repeats":3,"evals_per_sec_median":4.669470e+03,"evals_per_sec_iqr":6.110901e+00,"evals_per_sec_best":4.672511e+03,"checksum":1.872526491308e+00}
{"func":"lhaf_certified","matrix_dim":8,"batch":2048,"repeats":3,"evals_per_sec_median":4.385790e+05,"evals_per_sec_iqr":3.450750e+03,"evals_per_sec_best":4.407365e+05,"checksum":2.004585342361e+01}
{"func":"lhaf_certified","matrix_dim":12,"batch":2048,"repeats":3,"evals_per_sec_median":3.384772e+04,"evals_per_sec_iqr":3.093571e+02,"evals_per_sec_best":3.390861e+04,"checksum":6.220382062537e+00}
{"func":"tor_certified","matrix_dim":8,"batch":2048,"repeats":3,"evals_per_sec_median":1.524043e+06,"evals_per_sec_iqr":1.497024e+04,"evals_per_sec_best":1.528651e+06,"checksum":2.378454118922e+01}
{"func":"tor_certified","matrix_dim":12,"batch":2048,"repeats":3,"evals_per_sec_median":1.591945e+05,"evals_per_sec_iqr":1.137368e+02,"evals_per_sec_best":1.592622e+05,"checksum":1.286580431800e+01}
{"func":"tor_certified","matrix_dim":16,"batch":2048,"repeats":3,"evals_per_sec_median":1.994325e+04,"evals_per_sec_iqr":7.029771e+00,"evals_per_sec_best":1.994885e+04,"checksum":2.545614310601e+01}
{"func":"haf_dd_certified","matrix_dim":8,"batch":2048,"repeats":3,"evals_per_sec_median":2.593945e+05,"evals_per_sec_iqr":1.195001e+03,"evals_per_sec_best":2.594339e+05,"checksum":1.630652659287e+01}
{"func":"haf_dd_certified","matrix_dim":12,"batch":2048,"repeats":3,"evals_per_sec_median":1.455261e+04,"evals_per_sec_iqr":2.208581e+01,"evals_per_sec_best":1.456200e+04,"checksum":4.745852579259e+00}
{"func":"tor_single","matrix_dim":32,"batch":1,"repeats":3,"evals_per_sec_median":8.414151e+02,"evals_per_sec_iqr":4.622697e+01,"evals_per_sec_best":8.481160e+02,"checksum":1.891153900146e-12}
{"func":"tor_single","matrix_dim":40,"batch":1,"repeats":3,"evals_per_sec_median":1.223577e+02,"evals_per_sec_iqr":2.325124e-01,"evals_per_sec_best":1.224710e+02,"checksum":-5.984102102730e-13}
{"func":"tor_single","matrix_dim":48,"batch":1,"repeats":3,"evals_per_sec_median":6.285702e+00,"evals_per_sec_iqr":4.992828e-03,"evals_per_sec_best":6.289662e+00,"checksum":-1.798561299893e-13}
{"func":"tor_single","matrix_dim":52,"batch":1,"repeats":3,"evals_per_sec_median":1.339667e+00,"evals_per_sec_iqr":3.093307e-04,"evals_per_sec_best":1.339722e+00,"checksum":5.714539952351e-12}
{"func":"tor_dd","matrix_dim":8,"batch":2048,"repeats":3,"evals_per_sec_median":3.834861e+06,"evals_per_sec_iqr":1.043719e+04,"evals_per_sec_best":3.849935e+06,"checksum":1.924719446187e-02}
{"func":"tor_dd","matrix_dim":12,"batch":2048,"repeats":3,"evals_per_sec_median":4.406427e+05,"evals_per_sec_iqr":4.828240e+02,"evals_per_sec_best":4.410251e+05,"checksum":1.881209386279e-04}
{"func":"tor_dd","matrix_dim":16,"batch":2048,"repeats":3,"evals_per_sec_median":5.746926e+04,"evals_per_sec_iqr":6.741439e+01,"evals_per_sec_best":5.751876e+04,"checksum":2.715704140826e-06}
==PROF== Disconnected from process 8088
==PROF== Connected to process 8131 (/root/GBSKernels/core/build/bench_kernels)
{"func":"perm","matrix_dim":8,"batch":2048,"repeats":3,"evals_per_sec_median":7.240638e+06,"evals_per_sec_iqr":8.442761e+04,"evals_per_sec_best":7.317971e+06,"checksum":6.373380114700e+04}
{"func":"perm","matrix_dim":12,"batch":2048,"repeats":3,"evals_per_sec_median":3.953184e+05,"evals_per_sec_iqr":9.233095e+02,"evals_per_sec_best":3.954276e+05,"checksum":3.117290470793e+06}
{"func":"perm","matrix_dim":16,"batch":2048,"repeats":3,"evals_per_sec_median":1.854272e+04,"evals_per_sec_iqr":5.597537e+01,"evals_per_sec_best":1.857694e+04,"checksum":2.791981220566e+08}
{"func":"perm_coop","groups":8,"matrix_dim":12,"batch":2048,"repeats":3,"evals_per_sec_median":3.187663e+06,"evals_per_sec_iqr":7.459348e+03,"evals_per_sec_best":3.193478e+06,"checksum":3.117290470793e+06}
{"func":"perm_coop","groups":8,"matrix_dim":16,"batch":2048,"repeats":3,"evals_per_sec_median":1.784245e+05,"evals_per_sec_iqr":5.578974e+02,"evals_per_sec_best":1.790471e+05,"checksum":2.791981220566e+08}
{"func":"perm_coop","groups":8,"matrix_dim":20,"batch":2048,"repeats":3,"evals_per_sec_median":8.421513e+03,"evals_per_sec_iqr":9.235514e+01,"evals_per_sec_best":8.518643e+03,"checksum":4.321364440415e+10}
{"func":"haf_coop","groups":8,"matrix_dim":12,"batch":2048,"repeats":3,"evals_per_sec_median":2.637839e+05,"evals_per_sec_iqr":4.954839e+02,"evals_per_sec_best":2.642621e+05,"checksum":5.291431136761e+04}
{"func":"haf_coop","groups":8,"matrix_dim":16,"batch":2048,"repeats":3,"evals_per_sec_median":2.140017e+04,"evals_per_sec_iqr":7.519219e+00,"evals_per_sec_best":2.141436e+04,"checksum":4.735955066745e+05}
{"func":"haf_coop","groups":8,"matrix_dim":20,"batch":2048,"repeats":3,"evals_per_sec_median":2.142440e+03,"evals_per_sec_iqr":1.684649e-01,"evals_per_sec_best":2.142703e+03,"checksum":5.617202296297e+06}
{"func":"lhaf_coop","groups":8,"matrix_dim":12,"batch":2048,"repeats":3,"evals_per_sec_median":2.238522e+05,"evals_per_sec_iqr":5.373584e+02,"evals_per_sec_best":2.240468e+05,"checksum":1.340510006050e+05}
{"func":"lhaf_coop","groups":8,"matrix_dim":16,"batch":2048,"repeats":3,"evals_per_sec_median":2.129513e+04,"evals_per_sec_iqr":3.015581e+01,"evals_per_sec_best":2.130380e+04,"checksum":1.503771221544e+06}
{"func":"tor_coop","groups":8,"matrix_dim":12,"batch":2048,"repeats":3,"evals_per_sec_median":1.791879e+06,"evals_per_sec_iqr":2.361742e+03,"evals_per_sec_best":1.792115e+06,"checksum":7.188371238747e-04}
{"func":"tor_coop","groups":8,"matrix_dim":16,"batch":2048,"repeats":3,"evals_per_sec_median":2.823369e+05,"evals_per_sec_iqr":1.146342e+02,"evals_per_sec_best":2.824592e+05,"checksum":1.734140231353e-05}
{"func":"tor_coop","groups":8,"matrix_dim":20,"batch":2048,"repeats":3,"evals_per_sec_median":4.174987e+04,"evals_per_sec_iqr":4.938988e+01,"evals_per_sec_best":4.179954e+04,"checksum":5.280263995346e-07}
{"func":"perm_coop","groups":32,"matrix_dim":12,"batch":2048,"repeats":3,"evals_per_sec_median":3.293626e+06,"evals_per_sec_iqr":1.296221e+04,"evals_per_sec_best":3.311098e+06,"checksum":3.117290470793e+06}
{"func":"perm_coop","groups":32,"matrix_dim":16,"batch":2048,"repeats":3,"evals_per_sec_median":1.895609e+05,"evals_per_sec_iqr":4.473483e+01,"evals_per_sec_best":1.895921e+05,"checksum":2.791981220566e+08}
{"func":"perm_coop","groups":32,"matrix_dim":20,"batch":2048,"repeats":3,"evals_per_sec_median":9.600328e+03,"evals_per_sec_iqr":1.478155e+00,"evals_per_sec_best":9.601901e+03,"checksum":4.321364440415e+10}
{"func":"haf_coop","groups":32,"matrix_dim":12,"batch":2048,"repeats":3,"evals_per_sec_median":9.459093e+04,"evals_per_sec_iqr":1.940793e+02,"evals_per_sec_best":9.493861e+04,"checksum":5.291431136761e+04}
{"func":"haf_coop","groups":32,"matrix_dim":16,"batch":2048,"repeats":3,"evals_per_sec_median":8.049472e+03,"evals_per_sec_iqr":1.678869e+01,"evals_per_sec_best":8.055213e+03,"checksum":4.735955066745e+05}
{"func":"haf_coop","groups":32,"matrix_dim":20,"batch":2048,"repeats":3,"evals_per_sec_median":7.911625e+02,"evals_per_sec_iqr":4.659537e-02,"evals_per_sec_best":7.912386e+02,"checksum":5.617202296297e+06}
{"func":"lhaf_coop","groups"==ERROR== ERR_NVGPUCTRPERM - The user does not have permission to access NVIDIA GPU Performance Counters on the target device 0. For instructions on enabling permissions and to get more information see https://developer.nvidia.com/ERR_NVGPUCTRPERM
:32,"matrix_dim":12,"batch":2048,"repeats":3,"evals_per_sec_median":8.331169e+04,"evals_per_sec_iqr":1.031160e+02,"evals_per_sec_best":8.334713e+04,"checksum":1.340510006050e+05}
{"func":"lhaf_coop","groups":32,"matrix_dim":16,"batch":2048,"repeats":3,"evals_per_sec_median":8.207876e+03,"evals_per_sec_iqr":2.130237e+00,"evals_per_sec_best":8.211556e+03,"checksum":1.503771221544e+06}
{"func":"tor_coop","groups":32,"matrix_dim":12,"batch":2048,"repeats":3,"evals_per_sec_median":7.981241e+05,"evals_per_sec_iqr":5.987558e+03,"evals_per_sec_best":8.037273e+05,"checksum":7.188371238698e-04}
{"func":"tor_coop","groups":32,"matrix_dim":16,"batch":2048,"repeats":3,"evals_per_sec_median":1.001678e+05,"evals_per_sec_iqr":2.902195e+02,"evals_per_sec_best":1.004563e+05,"checksum":1.734140233576e-05}
{"func":"tor_coop","groups":32,"matrix_dim":20,"batch":2048,"repeats":3,"evals_per_sec_median":1.310983e+04,"evals_per_sec_iqr":4.001722e+01,"evals_per_sec_best":1.312050e+04,"checksum":5.280264296226e-07}
{"func":"perm_warp","groups":32,"matrix_dim":12,"batch":2048,"repeats":3,"evals_per_sec_median":3.432573e+06,"evals_per_sec_iqr":1.048552e+04,"evals_per_sec_best":3.450210e+06,"checksum":3.117290470793e+06}
{"func":"perm_warp","groups":32,"matrix_dim":16,"batch":2048,"repeats":3,"evals_per_sec_median":1.894895e+05,"evals_per_sec_iqr":1.542813e+01,"evals_per_sec_best":1.895028e+05,"checksum":2.791981220566e+08}
{"func":"perm_warp","groups":32,"matrix_dim":20,"batch":2048,"repeats":3,"evals_per_sec_median":9.600879e+03,"evals_per_sec_iqr":5.924749e-01,"evals_per_sec_best":9.600997e+03,"checksum":4.321364440415e+10}
{"func":"perm_dd","matrix_dim":8,"batch":2048,"repeats":3,"evals_per_sec_median":7.972911e+05,"evals_per_sec_iqr":2.700537e+02,"evals_per_sec_best":7.975861e+05,"checksum":6.373380114700e+04}
{"func":"perm_dd","matrix_dim":12,"batch":2048,"repeats":3,"evals_per_sec_median":3.390477e+04,"evals_per_sec_iqr":4.481637e+00,"evals_per_sec_best":3.390808e+04,"checksum":3.117290470793e+06}
{"func":"perm_dd","matrix_dim":16,"batch":2048,"repeats":3,"evals_per_sec_median":1.585924e+03,"evals_per_sec_iqr":8.794387e-03,"evals_per_sec_best":1.585928e+03,"checksum":2.791981220566e+08}
{"func":"haf","matrix_dim":8,"batch":2048,"repeats":3,"evals_per_sec_median":2.595503e+06,"evals_per_sec_iqr":1.867780e+04,"evals_per_sec_best":2.603624e+06,"checksum":7.915371408232e+03}
{"func":"haf","matrix_dim":12,"batch":2048,"repeats":3,"evals_per_sec_median":1.336570e+05,"evals_per_sec_iqr":8.284282e+02,"evals_per_sec_best":1.339208e+05,"checksum":5.291431136761e+04}
{"func":"haf","matrix_dim":16,"batch":2048,"repeats":3,"evals_per_sec_median":1.019477e+04,"evals_per_sec_iqr":4.399032e+01,"evals_per_sec_best":1.026869e+04,"checksum":4.735955066745e+05}
{"func":"haf_small","matrix_dim":8,"batch":2048,"repeats":3,"evals_per_sec_median":2.580102e+06,"evals_per_sec_iqr":7.027166e+03,"evals_per_sec_best":2.582025e+06,"checksum":7.915371408232e+03}
{"func":"haf_small","matrix_dim":12,"batch":2048,"repeats":3,"evals_per_sec_median":1.333147e+05,"evals_per_sec_iqr":2.386919e+02,"evals_per_sec_best":1.337856e+05,"checksum":5.291431136761e+04}
{"func":"haf_dd","matrix_dim":8,"batch":2048,"repeats":3,"evals_per_sec_median":4.968822e+05,"evals_per_sec_iqr":6.529921e+02,"evals_per_sec_best":4.976114e+05,"checksum":7.915371408232e+03}
{"func":"haf_dd","matrix_dim":12,"batch":2048,"repeats":3,"evals_per_sec_median":2.592589e+04,"evals_per_sec_iqr":5.596891e+01,"evals_per_sec_best":2.600391e+04,"checksum":5.291431136761e+04}
{"func":"haf_dd","matrix_dim":16,"batch":2048,"repeats":3,"evals_per_sec_median":2.122956e+03,"evals_per_sec_iqr":2.632726e+00,"evals_per_sec_best":2.123979e+03,"checksum":4.735955066745e+05}
{"func":"lhaf","matrix_dim":8,"batch":2048,"repeats":3,"evals_per_sec_median":1.885498e+06,"evals_per_sec_iqr":2.530884e+04,"evals_per_sec_best":1.902930e+06,"checksum":1.604357154799e+04}
{"func":"lhaf","matrix_dim":12,"batch":2048,"repeats":3,"evals_per_sec_median":1.360645e+05,"evals_per_sec_iqr":4.253094e+02,"evals_per_sec_best":1.361060e+05,"checksum":1.340510006050e+05}
{"func":"lhaf","matrix_dim":16,"batch":2048,"repeats":3,"evals_per_sec_median":1.174735e+04,"evals_per_sec_iqr":1.961740e+01,"evals_per_sec_best":1.177373e+04,"checksum":1.503771221544e+06}
{"func":"lhaf_dd","matrix_dim":8,"batch":2048,"repeats":3,"evals_per_sec_median":3.902026e+05,"evals_per_sec_iqr":5.475700e+02,"evals_per_sec_best":3.907580e+05,"checksum":1.604357154799e+04}
{"func":"lhaf_dd","matrix_dim":12,"batch":2048,"repeats":3,"evals_per_sec_median":2.225699e+04,"evals_per_sec_iqr":3.846021e+01,"evals_per_sec_best":2.230632e+04,"checksum":1.340510006050e+05}
{"func":"tor","matrix_dim":8,"batch":2048,"repeats":3,"evals_per_sec_median":5.983091e+06,"evals_per_sec_iqr":2.157134e+04,"evals_per_sec_best":6.003770e+06,"checksum":4.161596923348e-02}
{"func":"tor","matrix_dim":12,"batch":2048,"repeats":3,"evals_per_sec_median":7.665451e+05,"evals_per_sec_iqr":9.638450e+02,"evals_per_sec_best":7.673841e+05,"checksum":7.188371238743e-04}
{"func":"tor","matrix_dim":16,"batch":2048,"repeats":3,"evals_per_sec_median":1.039728e+05,"evals_per_sec_iqr":6.186876e+01,"evals_per_sec_best":1.040832e+05,"checksum":1.734140231239e-05}
{"func":"tor_real_chol","matrix_dim":8,"batch":2048,"repeats":3,"evals_per_sec_median":1.685472e+07,"evals_per_sec_iqr":1.572354e+05,"evals_per_sec_best":1.696488e+07,"checksum":1.944262062066e-02}
{"func":"tor_recursive","matrix_dim":8,"batch":2048,"repeats":3,"evals_per_sec_median":1.763845e+07,"evals_per_sec_iqr":1.725517e+05,"evals_per_sec_best":1.786150e+07,"checksum":1.944262062061e-02}
{"func":"tor_real_chol","matrix_dim":12,"batch":2048,"repeats":3,"evals_per_sec_median":3.394505e+06,"evals_per_sec_iqr":6.117833e+03,"evals_per_sec_best":3.404323e+06,"checksum":1.848956405966e-04}
{"func":"tor_recursive","matrix_dim":12,"batch":2048,"repeats":3,"evals_per_sec_median":4.764907e+06,"evals_per_sec_iqr":4.556159e+03,"evals_per_sec_best":4.772246e+06,"checksum":1.848956406342e-04}
{"func":"tor_real_chol","matrix_dim":16,"batch":2048,"repeats":3,"evals_per_sec_median":5.077550e+05,"evals_per_sec_iqr":1.578240e+03,"evals_per_sec_best":5.108108e+05,"checksum":2.659397921212e-06}
{"func":"tor_recursive","matrix_dim":16,"batch":2048,"repeats":3,"evals_per_sec_median":9.505461e+05,"evals_per_sec_iqr":6.274839e+03,"evals_per_sec_best":9.628404e+05,"checksum":2.659398137927e-06}
{"func":"perm_certified","matrix_dim":8,"batch":2048,"repeats":3,"evals_per_sec_median":9.680194e+05,"evals_per_sec_iqr":1.084223e+03,"evals_per_sec_best":9.684859e+05,"checksum":4.357675557101e+00}
{"func":"perm_certified","matrix_dim":12,"batch":2048,"repeats":3,"evals_per_sec_median":4.337646e+04,"evals_per_sec_iqr":1.663925e+01,"evals_per_sec_best":4.338664e+04,"checksum":1.633319352944e+00}
{"func":"perm_certified","matrix_dim":16,"batch":2048,"repeats":3,"evals_per_sec_median":2.062545e+03,"evals_per_sec_iqr":8.124231e-01,"evals_per_sec_best":2.063183e+03,"checksum":1.207922004873e+00}
{"func":"haf_certified","matrix_dim":8,"batch":2048,"repeats":3,"evals_per_sec_median":7.687087e+05,"evals_per_sec_iqr":8.862470e+03,"evals_per_sec_best":7.761198e+05,"checksum":1.630652659287e+01}
{"func":"haf_certified","matrix_dim":12,"batch":2048,"repeats":3,"evals_per_sec_median":5.086471e+04,"evals_per_sec_iqr":3.868521e+02,"evals_per_sec_best":5.119909e+04,"checksum":4.745852579259e+00}
{"func":"haf_certified","matrix_dim":16,"batch":2048,"repeats":3,"evals_per_sec_median":4.664630e+03,"evals_per_sec_iqr":3.182065e+00,"evals_per_sec_best":4.666808e+03,"checksum":1.872526491308e+00}
{"func":"lhaf_certified","matrix_dim":8,"batch":2048,"repeats":3,"evals_per_sec_median":4.385225e+05,"evals_per_sec_iqr":2.799171e+03,"evals_per_sec_best":4.403658e+05,"checksum":2.004585342361e+01}
{"func":"lhaf_certified","matrix_dim":12,"batch":2048,"repeats":3,"evals_per_sec_median":3.371113e+04,"evals_per_sec_iqr":2.029673e+02,"evals_per_sec_best":3.377978e+04,"checksum":6.220382062537e+00}
{"func":"tor_certified","matrix_dim":8,"batch":2048,"repeats":3,"evals_per_sec_median":1.524735e+06,"evals_per_sec_iqr":3.953104e+03,"evals_per_sec_best":1.525053e+06,"checksum":2.378454118922e+01}
{"func":"tor_certified","matrix_dim":12,"batch":2048,"repeats":3,"evals_per_sec_median":1.591218e+05,"evals_per_sec_iqr":6.673979e+01,"evals_per_sec_best":1.591446e+05,"checksum":1.286580431800e+01}
{"func":"tor_certified","matrix_dim":16,"batch":2048,"repeats":3,"evals_per_sec_median":1.994079e+04,"evals_per_sec_iqr":1.729295e+01,"evals_per_sec_best":1.995577e+04,"checksum":2.545614310601e+01}
{"func":"haf_dd_certified","matrix_dim":8,"batch":2048,"repeats":3,"evals_per_sec_median":2.590171e+05,"evals_per_sec_iqr":8.692562e+02,"evals_per_sec_best":2.594331e+05,"checksum":1.630652659287e+01}
{"func":"haf_dd_certified","matrix_dim":12,"batch":2048,"repeats":3,"evals_per_sec_median":1.454572e+04,"evals_per_sec_iqr":3.064882e+01,"evals_per_sec_best":1.456698e+04,"checksum":4.745852579259e+00}
{"func":"tor_single","matrix_dim":32,"batch":1,"repeats":3,"evals_per_sec_median":8.406293e+02,"evals_per_sec_iqr":5.482717e+01,"evals_per_sec_best":8.496357e+02,"checksum":1.891153900146e-12}
{"func":"tor_single","matrix_dim":40,"batch":1,"repeats":3,"evals_per_sec_median":1.224060e+02,"evals_per_sec_iqr":5.524591e-01,"evals_per_sec_best":1.225047e+02,"checksum":-5.984102102730e-13}
{"func":"tor_single","matrix_dim":48,"batch":1,"repeats":3,"evals_per_sec_median":6.279713e+00,"evals_per_sec_iqr":6.404771e-03,"evals_per_sec_best":6.284859e+00,"checksum":-1.798561299893e-13}
{"func":"tor_single","matrix_dim":52,"batch":1,"repeats":3,"evals_per_sec_median":1.337271e+00,"evals_per_sec_iqr":6.063519e-04,"evals_per_sec_best":1.337618e+00,"checksum":5.714539952351e-12}
{"func":"tor_dd","matrix_dim":8,"batch":2048,"repeats":3,"evals_per_sec_median":3.853485e+06,"evals_per_sec_iqr":1.342571e+04,"evals_per_sec_best":3.874400e+06,"checksum":1.924719446187e-02}
{"func":"tor_dd","matrix_dim":12,"batch":2048,"repeats":3,"evals_per_sec_median":4.407382e+05,"evals_per_sec_iqr":3.594923e+02,"evals_per_sec_best":4.408170e+05,"checksum":1.881209386279e-04}
{"func":"tor_dd","matrix_dim":16,"batch":2048,"repeats":3,"evals_per_sec_median":5.748712e+04,"evals_per_sec_iqr":3.582565e+01,"evals_per_sec_best":5.751199e+04,"checksum":2.715704140826e-06}
==PROF== Disconnected from process 8131
==PROF== Connected to process 8162 (/root/GBSKernels/core/build/bench_kernels)
{"func":"perm","matrix_dim":8,"batch":2048,"repeats":3,"evals_per_sec_median":7.197886e+06,"evals_per_sec_iqr":8.569522e+04,"evals_per_sec_best":7.286726e+06,"checksum":6.373380114700e+04}
{"func":"perm","matrix_dim":12,"batch":2048,"repeats":3,"evals_per_sec_median":3.908064e+05,"evals_per_sec_iqr":1.727909e+03,"evals_per_sec_best":3.915348e+05,"checksum":3.117290470793e+06}
{"func":"perm","matrix_dim":16,"batch":2048,"repeats":3,"evals_per_sec_median":1.865271e+04,"evals_per_sec_iqr":6.184212e+01,"evals_per_sec_best":1.865857e+04,"checksum":2.791981220566e+08}
{"func":"perm_coop","groups":8,"matrix_dim":12,"batch":2048,"repeats":3,"evals_per_sec_median":3.113754e+06,"evals_per_sec_iqr":2.703140e+04,"evals_per_sec_best":3.164317e+06,"checksum":3.117290470793e+06}
{"func":"perm_coop","groups":8,"matrix_dim":16,"batch":2048,"repeats":3,"evals_per_sec_median":1.786152e+05,"evals_per_sec_iqr":2.444560e+02,"evals_per_sec_best":1.789057e+05,"checksum":2.791981220566e+08}
{"func":"perm_coop","groups":8,"matrix_dim":20,"batch":2048,"repeats":3,"evals_per_sec_median":8.434205e+03,"evals_per_sec_iqr":9.736084e+01,"evals_per_sec_best":8.510616e+03,"checksum":4.321364440415e+10}
{"func":"haf_coop","groups":8,"matrix_dim":12,"batch":2048,"repeats":3,"evals_per_sec_median":2.631881e+05,"evals_per_sec_iqr":2.234336e+02,"evals_per_sec_best":2.633441e+05,"checksum":5.291431136761e+04}
{"func":"haf_coop","groups":8,"matrix_dim":16,"batch":2048,"repeats":3,"evals_per_sec_median":2.137747e+04,"evals_per_sec_iqr":5.064869e+00,"evals_per_sec_best":2.138178e+04,"checksum":4.735955066745e+05}
{"func":"haf_coop","groups":8,"matrix_dim":20,"batch":2048,"repeats":3,"evals_per_sec_median":2.140931e+03,"evals_per_sec_iqr":3.061023e-01,"evals_per_sec_best":2.141250e+03,"checksum":5.617202296297e+06}
{"func":"lhaf_coop","groups":8,"matrix_dim":12,"batch":2048,"repeats":3,"evals_per_sec_median":2.237647e+05,"evals_per_sec_iqr":3.573420e+02,"evals_per_sec_best":2.241689e+05,"checksum":1.340510006050e+05}
{"func":"lhaf_coop","groups":8,"matrix_dim":16,"batch":2048,"repeats":3,"evals_per_sec_median":2.127493e+04,"evals_per_sec_iqr":1.985211e+01,"evals_per_sec_best":2.129072e+04,"checksum":1.503771221544e+06}
{"func":"tor_coop","groups":8,"matrix_dim":12,"batch":2048,"repeats":3,"evals_per_sec_median":1.783964e+06,"evals_per_sec_iqr":2.131878e+03,"evals_per_sec_best":1.787981e+06,"checksum":7.188371238747e-04}
{"func":"tor_coop","groups":8,"matrix_dim":16,"batch":2048,"repeats":3,"evals_per_sec_median":2.822166e+05,"evals_per_sec_iqr":2.434475e+02,"evals_per_sec_best":2.822337e+05,"checksum":1.734140231353e-05}
{"func":"tor_coop","groups":8,"matrix_dim":20,"batch":2048,"repeats":3,"evals_per_sec_median":4.173720e+04,"evals_per_sec_iqr":7.739286e+01,"evals_per_sec_best":4.176385e+04,"checksum":5.280263995346e-07}
{"func":"perm_coop","groups":32,"matrix_dim":12,"batch":2048,"repeats":3,"evals_per_sec_median":3.291774e+06,"evals_per_sec_iqr":1.598916e+04,"evals_per_sec_best":3.314361e+06,"checksum":3.117290470793e+06}
{"func":"perm_coop","groups":32,"matrix_dim":16,"batch":2048,"repeats":3,"evals_per_sec_median":1.896359e+05,"evals_per_sec_iqr":1.055326e+02,"evals_per_sec_best":1.897338e+05,"checksum":2.791981220566e+08}
{"func":"perm_coop","groups":32,"matrix_dim":20,"batch":2048,"repeats":3,"evals_per_sec_median":9.608596e+03,"evals_per_sec_iqr":9.287340e-01,"evals_per_sec_best":9.609786e+03,"checksum":4.321364440415e+10}
{"func":"haf_coop","groups":32,"matrix_dim":12,"batch":2048,"repeats":3,"evals_per_sec_median":9.494494e+04,"evals_per_sec_iqr":1.974346e+02,"evals_per_sec_best":9.505841e+04,"checksum":5.291431136761e+04}
{"func":"haf_coop","groups":32,"matrix_dim":16,"batch":2048,"repeats":3,"evals_per_sec_median":8.039683e+03,"evals_per_sec_iqr":1.609123e+00,"evals_per_sec_best":8.042859e+03,"checksum":4.735955066745e+05}
{"func":"haf_coop","groups":32,"matrix_dim":20,"batch":2048,"repeats":3,"evals_per_sec_median":7.908201e+02,"evals_per_sec_iqr":2.949413e-01,"evals_per_sec_best":7.910673e+02,"checksum":5.617202296297e+06}
{"func":"lhaf_coop","groups":32,"matrix_dim":12,"batch":2048,"repeats":3,"evals_per_sec_median":8.337490e+04,"evals_per_sec_iqr":3.879379e+01,"evals_per_sec_best":8.339310e+04,"checksum":1.340510006050e+05}
{"func":"lhaf_coop","groups":32,"matrix_dim":16,"batch":2048,"repeats":3,"evals_per_sec_median":8.206840e+03,"evals_per_sec_iqr":2.793419e+00,"evals_per_sec_best":8.209941e+03,"checksum":1.503771221544e+06}
{"func":"tor_coop","groups":32,"matrix_dim":12,"batch":2048,"repeats":3,"evals_per_sec_median":7.926865e+05,"evals_per_sec_iqr":4.899607e+03,"evals_per_sec_best":7.988423e+05,"checksum":7.188371238698e-04}
{"func":"tor_coop","groups":32,"matrix_dim":16,"batch":2048,"repeats":3,"evals_per_sec_median":1.000951e+05,"evals_per_sec_iqr":4.075367e+01,"evals_per_sec_best":1.001689e+05,"checksum":1.734140233576e-05}
{"func":"tor_coop","groups":32,"matrix_dim":20,"batch":2048,"repeats":3,"evals_per_sec_median":1.313012e+04,"evals_per_sec_iqr":3.422495e+01,"evals_per_sec_best":1.314693e+04,"checksum":5.280264296226e-07}
{"func":"perm_warp","groups":32,"matrix_dim":12,"batch":2048,"repeats":3,"evals_per_sec_median":3.467907e+06,"evals_per_sec_iqr":4.952175e+03,"evals_per_sec_best":3.470434e+06,"checksum":3.117290470793e+06}
{"func":"perm_warp","groups":32,"matrix_dim":16,"batch":2048,"repeats":3,"evals_per_sec_median":1.896854e+05,"evals_per_sec_iqr":6.333823e+01,"evals_per_sec_best":1.897406e+05,"checksum":2.791981220566e+08}
{"func":"perm_warp","groups":32,"matrix_dim":20,"batch":2048,"repeats":3,"evals_per_sec_median":9.600219e+03,"evals_per_sec_iqr":1.172516e+00,"evals_per_sec_best":9.601341e+03,"checksum":4.321364440415e+10}
{"func":"perm_dd","matrix_dim":8,"batch":2048,"repeats":3,"evals_per_sec_median":7.968255e+05,"evals_per_sec_iqr":3.721471e+02,"evals_per_sec_best":7.971573e+05,"checksum":6.373380114700e+04}
{"func":"perm_dd","matrix_dim":12,"batch":2048,"repeats":3,"evals_per_sec_median":3.389476e+04,"evals_per_sec_iqr":4.884266e+00,"evals_per_sec_best":3.390337e+04,"checksum":3.117290470793e+06}
{"func":"perm_dd","matrix_dim":16,"batch":2048,"repeats":3,"evals_per_sec_median":1.581696e+03,"evals_per_sec_iqr":2.963829e-01,"evals_per_sec_best":1.581796e+03,"checksum":2.791981220566e+08}
{"func":"haf","matrix_dim":8,"batch":2048,"repeats":3,"evals_per_sec_median":2.576726e+06,"evals_per_sec_iqr":2.183134e+04,"evals_per_sec_best":2.611955e+06,"checksum":7.915371408232e+03}
{"func":"haf","matrix_dim":12,"batch":2048,"repeats":3,"evals_per_sec_median":1.339825e+05,"evals_per_sec_iqr":9.200535e+02,"evals_per_sec_best":1.341185e+05,"checksum":5.291431136761e+04}
{"func":"haf","matrix_dim":16,"batch":2048,"repeats":3,"evals_per_sec_median":1.019131e+04,"evals_per_sec_iqr":4.135763e+01,"evals_per_sec_best":1.026075e+04,"checksum":4.735955066745e+05}
{"func":"haf_small","matrix_dim":8,"batch":2048,"repeats":3,"evals_per_sec_median":2.584990e+06,"evals_per_sec_iqr":2.072241e+04,"evals_per_sec_best":2.596918e+06,"checksum":7.915371408232e+03}
{"func":"haf_small","matrix_dim":12,"batch":2048,"repeats":3,"evals_per_sec_median":1.335234e+05,"evals_per_sec_iqr":2.034070e+02,"evals_per_sec_best":1.336736e+05,"checksum":5.291431136761e+04}
{"func":"haf_dd","matrix_dim":8,"batch":2048,"repeats":3,"evals_per_sec_median":4.954384e+05,"evals_per_sec_iqr":1.168113e+03,"evals_per_sec_best":4.971605e+05,"checksum":7.915371408232e+03}
{"func":"haf_dd","matrix_dim":12,"batch":2048,"repeats":3,"evals_per_sec_median":2.589271e+04,"evals_per_sec_iqr":4.775430e+01,"evals_per_sec_best":2.595407e+04,"checksum":5.291431136761e+04}
{"func":"haf_dd","matrix_dim":16,"batch":2048,"repeats":3,"evals_per_sec_median":2.119502e+03,"evals_per_sec_iqr":2.648507e+00,"evals_per_sec_best":2.120171e+03,"checksum":4.735955066745e+05}
{"func":"lhaf","matrix_dim":8,"batch":2048,"repeats":3,"evals_per_sec_median":2.202939e+06,"evals_per_sec_iqr":2.087084e+04,"evals_per_sec_best":2.233696e+06,"checksum":1.604357154799e+04}
{"func":"lhaf","matrix_dim":12,"batch":2048,"repeats":3,"evals_per_sec_median":1.372121e+05,"evals_per_sec_iqr":3.525243e+02,"evals_per_sec_best":1.373282e+05,"checksum":1.34==ERROR== ERR_NVGPUCTRPERM - The user does not have permission to access NVIDIA GPU Performance Counters on the target device 0. For instructions on enabling permissions and to get more information see https://developer.nvidia.com/ERR_NVGPUCTRPERM
0510006050e+05}
{"func":"lhaf","matrix_dim":16,"batch":2048,"repeats":3,"evals_per_sec_median":1.175341e+04,"evals_per_sec_iqr":4.757958e+00,"evals_per_sec_best":1.176137e+04,"checksum":1.503771221544e+06}
{"func":"lhaf_dd","matrix_dim":8,"batch":2048,"repeats":3,"evals_per_sec_median":3.886761e+05,"evals_per_sec_iqr":5.858516e+02,"evals_per_sec_best":3.898072e+05,"checksum":1.604357154799e+04}
{"func":"lhaf_dd","matrix_dim":12,"batch":2048,"repeats":3,"evals_per_sec_median":2.225394e+04,"evals_per_sec_iqr":2.395193e+01,"evals_per_sec_best":2.226735e+04,"checksum":1.340510006050e+05}
{"func":"tor","matrix_dim":8,"batch":2048,"repeats":3,"evals_per_sec_median":3.434415e+06,"evals_per_sec_iqr":2.251748e+05,"evals_per_sec_best":3.799502e+06,"checksum":4.161596923348e-02}
{"func":"tor","matrix_dim":12,"batch":2048,"repeats":3,"evals_per_sec_median":7.168411e+05,"evals_per_sec_iqr":6.129545e+02,"evals_per_sec_best":7.172252e+05,"checksum":7.188371238743e-04}
{"func":"tor","matrix_dim":16,"batch":2048,"repeats":3,"evals_per_sec_median":1.024460e+05,"evals_per_sec_iqr":2.002183e+02,"evals_per_sec_best":1.026537e+05,"checksum":1.734140231239e-05}
{"func":"tor_real_chol","matrix_dim":8,"batch":2048,"repeats":3,"evals_per_sec_median":1.656971e+07,"evals_per_sec_iqr":3.343164e+05,"evals_per_sec_best":1.686860e+07,"checksum":1.944262062066e-02}
{"func":"tor_recursive","matrix_dim":8,"batch":2048,"repeats":3,"evals_per_sec_median":1.724646e+07,"evals_per_sec_iqr":8.329115e+04,"evals_per_sec_best":1.731485e+07,"checksum":1.944262062061e-02}
{"func":"tor_real_chol","matrix_dim":12,"batch":2048,"repeats":3,"evals_per_sec_median":3.378769e+06,"evals_per_sec_iqr":1.520884e+04,"evals_per_sec_best":3.380721e+06,"checksum":1.848956405966e-04}
{"func":"tor_recursive","matrix_dim":12,"batch":2048,"repeats":3,"evals_per_sec_median":4.721527e+06,"evals_per_sec_iqr":4.251513e+04,"evals_per_sec_best":4.773804e+06,"checksum":1.848956406342e-04}
{"func":"tor_real_chol","matrix_dim":16,"batch":2048,"repeats":3,"evals_per_sec_median":5.077131e+05,"evals_per_sec_iqr":1.226578e+03,"evals_per_sec_best":5.099901e+05,"checksum":2.659397921212e-06}
{"func":"tor_recursive","matrix_dim":16,"batch":2048,"repeats":3,"evals_per_sec_median":9.506917e+05,"evals_per_sec_iqr":2.587848e+03,"evals_per_sec_best":9.556375e+05,"checksum":2.659398137927e-06}
{"func":"perm_certified","matrix_dim":8,"batch":2048,"repeats":3,"evals_per_sec_median":9.646040e+05,"evals_per_sec_iqr":2.128213e+03,"evals_per_sec_best":9.661143e+05,"checksum":4.357675557101e+00}
{"func":"perm_certified","matrix_dim":12,"batch":2048,"repeats":3,"evals_per_sec_median":4.328709e+04,"evals_per_sec_iqr":1.327816e+01,"evals_per_sec_best":4.329940e+04,"checksum":1.633319352944e+00}
{"func":"perm_certified","matrix_dim":16,"batch":2048,"repeats":3,"evals_per_sec_median":2.060820e+03,"evals_per_sec_iqr":7.226378e-01,"evals_per_sec_best":2.061052e+03,"checksum":1.207922004873e+00}
{"func":"haf_certified","matrix_dim":8,"batch":2048,"repeats":3,"evals_per_sec_median":7.688987e+05,"evals_per_sec_iqr":1.157459e+04,"evals_per_sec_best":7.756168e+05,"checksum":1.630652659287e+01}
{"func":"haf_certified","matrix_dim":12,"batch":2048,"repeats":3,"evals_per_sec_median":5.080121e+04,"evals_per_sec_iqr":3.245852e+02,"evals_per_sec_best":5.106564e+04,"checksum":4.745852579259e+00}
{"func":"haf_certified","matrix_dim":16,"batch":2048,"repeats":3,"evals_per_sec_median":4.663238e+03,"evals_per_sec_iqr":3.452019e+00,"evals_per_sec_best":4.663525e+03,"checksum":1.872526491308e+00}
{"func":"lhaf_certified","matrix_dim":8,"batch":2048,"repeats":3,"evals_per_sec_median":4.378958e+05,"evals_per_sec_iqr":2.156817e+03,"evals_per_sec_best":4.392106e+05,"checksum":2.004585342361e+01}
{"func":"lhaf_certified","matrix_dim":12,"batch":2048,"repeats":3,"evals_per_sec_median":3.376282e+04,"evals_per_sec_iqr":2.609506e+02,"evals_per_sec_best":3.385785e+04,"checksum":6.220382062537e+00}
{"func":"tor_certified","matrix_dim":8,"batch":2048,"repeats":3,"evals_per_sec_median":1.522670e+06,"evals_per_sec_iqr":7.009422e+03,"evals_per_sec_best":1.523917e+06,"checksum":2.378454118922e+01}
{"func":"tor_certified","matrix_dim":12,"batch":2048,"repeats":3,"evals_per_sec_median":1.589452e+05,"evals_per_sec_iqr":8.093655e+01,"evals_per_sec_best":1.589875e+05,"checksum":1.286580431800e+01}
{"func":"tor_certified","matrix_dim":16,"batch":2048,"repeats":3,"evals_per_sec_median":1.990448e+04,"evals_per_sec_iqr":1.479366e+01,"evals_per_sec_best":1.991725e+04,"checksum":2.545614310601e+01}
{"func":"haf_dd_certified","matrix_dim":8,"batch":2048,"repeats":3,"evals_per_sec_median":2.589180e+05,"evals_per_sec_iqr":9.487471e+02,"evals_per_sec_best":2.593653e+05,"checksum":1.630652659287e+01}
{"func":"haf_dd_certified","matrix_dim":12,"batch":2048,"repeats":3,"evals_per_sec_median":1.453245e+04,"evals_per_sec_iqr":1.478158e+01,"evals_per_sec_best":1.454608e+04,"checksum":4.745852579259e+00}
{"func":"tor_single","matrix_dim":32,"batch":1,"repeats":3,"evals_per_sec_median":8.426332e+02,"evals_per_sec_iqr":5.089702e+01,"evals_per_sec_best":8.447337e+02,"checksum":1.891153900146e-12}
{"func":"tor_single","matrix_dim":40,"batch":1,"repeats":3,"evals_per_sec_median":1.222748e+02,"evals_per_sec_iqr":2.710301e-01,"evals_per_sec_best":1.223740e+02,"checksum":-5.984102102730e-13}
{"func":"tor_single","matrix_dim":48,"batch":1,"repeats":3,"evals_per_sec_median":6.281105e+00,"evals_per_sec_iqr":7.461376e-03,"evals_per_sec_best":6.282322e+00,"checksum":-1.798561299893e-13}
{"func":"tor_single","matrix_dim":52,"batch":1,"repeats":3,"evals_per_sec_median":1.337774e+00,"evals_per_sec_iqr":6.572246e-04,"evals_per_sec_best":1.338427e+00,"checksum":5.714539952351e-12}
{"func":"tor_dd","matrix_dim":8,"batch":2048,"repeats":3,"evals_per_sec_median":3.836945e+06,"evals_per_sec_iqr":5.245749e+03,"evals_per_sec_best":3.840190e+06,"checksum":1.924719446187e-02}
{"func":"tor_dd","matrix_dim":12,"batch":2048,"repeats":3,"evals_per_sec_median":4.404962e+05,"evals_per_sec_iqr":4.741799e+02,"evals_per_sec_best":4.409629e+05,"checksum":1.881209386279e-04}
{"func":"tor_dd","matrix_dim":16,"batch":2048,"repeats":3,"evals_per_sec_median":5.742282e+04,"evals_per_sec_iqr":4.093786e+01,"evals_per_sec_best":5.744230e+04,"checksum":2.715704140826e-06}
==PROF== Disconnected from process 8162
==PROF== Connected to process 8204 (/root/GBSKernels/core/build/bench_kernels)
{"func":"perm","matrix_dim":8,"batch":2048,"repeats":3,"evals_per_sec_median":7.413038e+06,"evals_per_sec_iqr":6.427467e+04,"evals_per_sec_best":7.485955e+06,"checksum":6.373380114700e+04}
{"func":"perm","matrix_dim":12,"batch":2048,"repeats":3,"evals_per_sec_median":3.885043e+05,"evals_per_sec_iqr":4.604429e+02,"evals_per_sec_best":3.888908e+05,"checksum":3.117290470793e+06}
{"func":"perm","matrix_dim":16,"batch":2048,"repeats":3,"evals_per_sec_median":1.864071e+04,"evals_per_sec_iqr":5.912810e+01,"evals_per_sec_best":1.864332e+04,"checksum":2.791981220566e+08}
{"func":"perm_coop","groups":8,"matrix_dim":12,"batch":2048,"repeats":3,"evals_per_sec_median":3.220187e+06,"evals_per_sec_iqr":2.260216e+04,"evals_per_sec_best":3.245914e+06,"checksum":3.117290470793e+06}
{"func":"perm_coop","groups":8,"matrix_dim":16,"batch":2048,"repeats":3,"evals_per_sec_median":1.783431e+05,"evals_per_sec_iqr":3.880500e+02,"evals_per_sec_best":1.789174e+05,"checksum":2.791981220566e+08}
{"func":"perm_coop","groups":8,"matrix_dim":20,"batch":2048,"repeats":3,"evals_per_sec_median":8.405449e+03,"evals_per_sec_iqr":1.042233e+02,"evals_per_sec_best":8.494757e+03,"checksum":4.321364440415e+10}
{"func":"haf_coop","groups":8,"matrix_dim":12,"batch":2048,"repeats":3,"evals_per_sec_median":2.635507e+05,"evals_per_sec_iqr":1.652324e+02,"evals_per_sec_best":2.637669e+05,"checksum":5.291431136761e+04}
{"func":"haf_coop","groups":8,"matrix_dim":16,"batch":2048,"repeats":3,"evals_per_sec_median":2.136597e+04,"evals_per_sec_iqr":1.083857e+01,"evals_per_sec_best":2.137674e+04,"checksum":4.735955066745e+05}
{"func":"haf_coop","groups":8,"matrix_dim":20,"batch":2048,"repeats":3,"evals_per_sec_median":2.139786e+03,"evals_per_sec_iqr":1.312766e-01,"evals_per_sec_best":2.139912e+03,"checksum":5.617202296297e+06}
{"func":"lhaf_coop","groups":8,"matrix_dim":12,"batch":2048,"repeats":3,"evals_per_sec_median":2.241307e+05,"evals_per_sec_iqr":2.588535e+02,"evals_per_sec_best":2.245825e+05,"checksum":1.340510006050e+05}
{"func":"lhaf_coop","groups":8,"matrix_dim":16,"batch":2048,"repeats":3,"evals_per_sec_median":2.125251e+04,"evals_per_sec_iqr":3.482378e+00,"evals_per_sec_best":2.125910e+04,"checksum":1.503771221544e+06}
{"func":"tor_coop","groups":8,"matrix_dim":12,"batch":2048,"repeats":3,"evals_per_sec_median":1.803776e+06,"evals_per_sec_iqr":1.343949e+03,"evals_per_sec_best":1.805606e+06,"checksum":7.188371238747e-04}
{"func":"tor_coop","groups":8,"matrix_dim":16,"batch":2048,"repeats":3,"evals_per_sec_median":2.820641e+05,"evals_per_sec_iqr":3.890647e+02,"evals_per_sec_best":2.823214e+05,"checksum":1.734140231353e-05}
{"func":"tor_coop","groups":8,"matrix_dim":20,"batch":2048,"repeats":3,"evals_per_sec_median":4.172158e+04,"evals_per_sec_iqr":7.760625e+01,"evals_per_sec_best":4.174641e+04,"checksum":5.280263995346e-07}
{"func":"perm_coop","groups":32,"matrix_dim":12,"batch":2048,"repeats":3,"evals_per_sec_median":3.370206e+06,"evals_per_sec_iqr":9.060184e+03,"evals_per_sec_best":3.382513e+06,"checksum":3.117290470793e+06}
{"func":"perm_coop","groups":32,"matrix_dim":16,"batch":2048,"repeats":3,"evals_per_sec_median":1.893073e+05,"evals_per_sec_iqr":8.845140e+00,"evals_per_sec_best":1.893115e+05,"checksum":2.791981220566e+08}
{"func":"perm_coop","groups":32,"matrix_dim":20,"batch":2048,"repeats":3,"evals_per_sec_median":9.587173e+03,"evals_per_sec_iqr":1.449622e-01,"evals_per_sec_best":9.587329e+03,"checksum":4.321364440415e+10}
{"func":"haf_coop","groups":32,"matrix_dim":12,"batch":2048,"repeats":3,"evals_per_sec_median":9.509063e+04,"evals_per_sec_iqr":2.609449e+02,"evals_per_sec_best":9.530986e+04,"checksum":5.291431136761e+04}
{"func":"haf_coop","groups":32,"matrix_dim":16,"batch":2048,"repeats":3,"evals_per_sec_median":8.044532e+03,"evals_per_sec_iqr":1.351306e+01,"evals_per_sec_best":8.052285e+03,"checksum":4.735955066745e+05}
{"func":"haf_coop","groups":32,"matrix_dim":20,"batch":2048,"repeats":3,"evals_per_sec_median":7.907402e+02,"evals_per_sec_iqr":4.185290e-02,"evals_per_sec_best":7.907816e+02,"checksum":5.617202296297e+06}
{"func":"lhaf_coop","groups":32,"matrix_dim":12,"batch":2048,"repeats":3,"evals_per_sec_median":8.325569e+04,"evals_per_sec_iqr":1.747037e+02,"evals_per_sec_best":8.341354e+04,"checksum":1.340510006050e+05}
{"func":"lhaf_coop","groups":32,"matrix_dim":16,"batch":2048,"repeats":3,"evals_per_sec_median":8.211774e+03,"evals_per_sec_iqr":1.694255e+00,"evals_per_sec_best":8.211981e+03,"checksum":1.503771221544e+06}
{"func":"tor_coop","groups":32,"matrix_dim":12,"batch":2048,"repeats":3,"evals_per_sec_median":8.048476e+05,"evals_per_sec_iqr":6.667952e+03,"evals_per_sec_best":8.048733e+05,"checksum":7.188371238698e-04}
{"func":"tor_coop","groups":32,"matrix_dim":16,"batch":2048,"repeats":3,"evals_per_sec_median":1.003649e+05,"evals_per_sec_iqr":1.602324e+02,"evals_per_sec_best":1.004528e+05,"checksum":1.734140233576e-05}
{"func":"tor_coop","groups":32,"matrix_dim":20,"batch":2048,"repeats":3,"evals_per_sec_median":1.310913e+04,"evals_per_sec_iqr":4.873934e+01,"evals_per_sec_best":1.314921e+04,"checksum":5.280264296226e-07}
{"func":"perm_warp","groups":32,"matrix_dim":12,"batch":2048,"repeats":3,"evals_per_sec_median":3.516562e+06,"evals_per_sec_iqr":1.087356e+03,"evals_per_sec_best":3.518429e+06,"checksum":3.117290470793e+06}
{"func":"perm_warp","groups":32,"matrix_dim":16,"batch":2048,"repeats":3,"evals_per_sec_median":1.899511e+05,"evals_per_sec_iqr":3.470075e+01,"evals_per_sec_best":1.899922e+05,"checksum":2.791981220566e+08}
{"func":"perm_warp","groups":32,"matrix_dim":20,"batch":2048,"repeats":3,"evals_per_sec_median":9.589571e+03,"evals_per_sec_iqr":1.375462e+00,"evals_per_sec_best":9.590531e+03,"checksum":4.321364440415e+10}
{"func":"perm_dd","matrix_dim":8,"batch":2048,"repeats":3,"evals_per_sec_median":7.992569e+05,"evals_per_sec_iqr":4.588620e+02,"evals_per_sec_best":8.000122e+05,"checksum":6.373380114700e+04}
{"func":"perm_dd","matrix_dim":12,"batch":2048,"repeats":3,"evals_per_sec_median":3.391970e+04,"evals_per_sec_iqr":2.901620e+00,"evals_per_sec_best":3.392409e+04,"checksum":3.117290470793e+06}
{"func":"perm_dd","matrix_dim":16,"batch":2048,"repeats":3,"evals_per_sec_median":1.581494e+03,"evals_per_sec_iqr":5.151498e-02,"evals_per_sec_best":1.581529e+03,"checksum":2.791981220566e+08}
{"func":"haf","matrix_dim":8,"batch":2048,"repeats":3,"evals_per_sec_median":2.611685e+06,"evals_per_sec_iqr":1.183860e+04,"evals_per_sec_best":2.623398e+06,"checksum":7.915371408232e+03}
{"func":"haf","matrix_dim":12,"batch":2048,"repeats":3,"evals_per_sec_median":1.336192e+05,"evals_per_sec_iqr":9.986121e+02,"evals_per_sec_best":1.338949e+05,"checksum":5.291431136761e+04}
{"func":"haf","matrix_dim":16,"batch":2048,"repeats":3,"evals_per_sec_median":1.018492e+04,"evals_per_sec_iqr":3.616936e+01,"evals_per_sec_best":1.025312e+04,"checksum":4.735955066745e+05}
{"func":"haf_small","matrix_dim":8,"batch":2048,"repeats":3,"evals_per_sec_median":2.616928e+06,"evals_per_sec_iqr":2.275314e+04,"evals_per_sec_best":2.622524e+06,"checksum":7.915371408232e+03}
{"func":"haf_small","matrix_dim":12,"batch":2048,"repeats":3,"evals_per_sec_median":1.333037e+05,"evals_per_sec_iqr":2.894830e+02,"evals_per_sec_best":1.335810e+05,"checksum":5.291431136761e+04}
{"func":"haf_dd","matrix_dim":8,"batch":2048,"repeats":3,"evals_per_sec_median":4.963459e+05,"evals_per_sec_iqr":5.803159e+02,"evals_per_sec_best":4.974007e+05,"checksum":7.915371408232e+03}
{"func":"haf_dd","matrix_dim":12,"batch":2048,"repeats":3,"evals_per_sec_median":2.589322e+04,"evals_per_sec_iqr":4.309817e+01,"evals_per_sec_best":2.596134e+04,"checksum":5.291431136761e+04}
{"func":"haf_dd","matrix_dim":16,"batch":2048,"repeats":3,"evals_per_sec_median":2.119431e+03,"evals_per_sec_iqr":2.679498e+00,"evals_per_sec_best":2.120198e+03,"checksum":4.735955066745e+05}
{"func":"lhaf","matrix_dim":8,"batch":2048,"repeats":3,"evals_per_sec_median":2.217225e+06,"evals_per_sec_iqr":1.840045e+04,"evals_per_sec_best":2.253258e+06,"checksum":1.604357154799e+04}
{"func":"lhaf","matrix_dim":12,"batch":2048,"repeats":3,"evals_per_sec_median":1.372395e+05,"evals_per_sec_iqr":1.756619e+02,"evals_per_sec_best":1.372761e+05,"checksum":1.34==ERROR== ERR_NVGPUCTRPERM - The user does not have permission to access NVIDIA GPU Performance Counters on the target device 0. For instructions on enabling permissions and to get more information see https://developer.nvidia.com/ERR_NVGPUCTRPERM
0510006050e+05}
{"func":"lhaf","matrix_dim":16,"batch":2048,"repeats":3,"evals_per_sec_median":1.174592e+04,"evals_per_sec_iqr":1.248829e+01,"evals_per_sec_best":1.176966e+04,"checksum":1.503771221544e+06}
{"func":"lhaf_dd","matrix_dim":8,"batch":2048,"repeats":3,"evals_per_sec_median":3.896023e+05,"evals_per_sec_iqr":7.925885e+02,"evals_per_sec_best":3.908403e+05,"checksum":1.604357154799e+04}
{"func":"lhaf_dd","matrix_dim":12,"batch":2048,"repeats":3,"evals_per_sec_median":2.224483e+04,"evals_per_sec_iqr":3.267161e+01,"evals_per_sec_best":2.227345e+04,"checksum":1.340510006050e+05}
{"func":"tor","matrix_dim":8,"batch":2048,"repeats":3,"evals_per_sec_median":6.071044e+06,"evals_per_sec_iqr":5.846381e+03,"evals_per_sec_best":6.080219e+06,"checksum":4.161596923348e-02}
{"func":"tor","matrix_dim":12,"batch":2048,"repeats":3,"evals_per_sec_median":7.682180e+05,"evals_per_sec_iqr":9.602335e+02,"evals_per_sec_best":7.694386e+05,"checksum":7.188371238743e-04}
{"func":"tor","matrix_dim":16,"batch":2048,"repeats":3,"evals_per_sec_median":1.040170e+05,"evals_per_sec_iqr":9.080439e+01,"evals_per_sec_best":1.041324e+05,"checksum":1.734140231239e-05}
{"func":"tor_real_chol","matrix_dim":8,"batch":2048,"repeats":3,"evals_per_sec_median":9.523810e+06,"evals_per_sec_iqr":3.065092e+05,"evals_per_sec_best":9.593899e+06,"checksum":1.944262062066e-02}
{"func":"tor_recursive","matrix_dim":8,"batch":2048,"repeats":3,"evals_per_sec_median":1.846060e+07,"evals_per_sec_iqr":2.536028e+05,"evals_per_sec_best":1.849895e+07,"checksum":1.944262062061e-02}
{"func":"tor_real_chol","matrix_dim":12,"batch":2048,"repeats":3,"evals_per_sec_median":2.899051e+06,"evals_per_sec_iqr":1.352319e+04,"evals_per_sec_best":2.916934e+06,"checksum":1.848956405966e-04}
{"func":"tor_recursive","matrix_dim":12,"batch":2048,"repeats":3,"evals_per_sec_median":4.834076e+06,"evals_per_sec_iqr":1.688841e+04,"evals_per_sec_best":4.850345e+06,"checksum":1.848956406342e-04}
{"func":"tor_real_chol","matrix_dim":16,"batch":2048,"repeats":3,"evals_per_sec_median":4.949914e+05,"evals_per_sec_iqr":1.181485e+03,"evals_per_sec_best":4.970686e+05,"checksum":2.659397921212e-06}
{"func":"tor_recursive","matrix_dim":16,"batch":2048,"repeats":3,"evals_per_sec_median":9.593980e+05,"evals_per_sec_iqr":5.266979e+03,"evals_per_sec_best":9.675200e+05,"checksum":2.659398137927e-06}
{"func":"perm_certified","matrix_dim":8,"batch":2048,"repeats":3,"evals_per_sec_median":9.681370e+05,"evals_per_sec_iqr":1.235346e+03,"evals_per_sec_best":9.686224e+05,"checksum":4.357675557101e+00}
{"func":"perm_certified","matrix_dim":12,"batch":2048,"repeats":3,"evals_per_sec_median":4.329772e+04,"evals_per_sec_iqr":2.515320e+01,"evals_per_sec_best":4.330991e+04,"checksum":1.633319352944e+00}
{"func":"perm_certified","matrix_dim":16,"batch":2048,"repeats":3,"evals_per_sec_median":2.060945e+03,"evals_per_sec_iqr":1.681274e-01,"evals_per_sec_best":2.061085e+03,"checksum":1.207922004873e+00}
{"func":"haf_certified","matrix_dim":8,"batch":2048,"repeats":3,"evals_per_sec_median":7.691814e+05,"evals_per_sec_iqr":8.335006e+03,"evals_per_sec_best":7.747390e+05,"checksum":1.630652659287e+01}
{"func":"haf_certified","matrix_dim":12,"batch":2048,"repeats":3,"evals_per_sec_median":5.080562e+04,"evals_per_sec_iqr":3.044157e+02,"evals_per_sec_best":5.105005e+04,"checksum":4.745852579259e+00}
{"func":"haf_certified","matrix_dim":16,"batch":2048,"repeats":3,"evals_per_sec_median":4.660884e+03,"evals_per_sec_iqr":2.969383e+00,"evals_per_sec_best":4.661433e+03,"checksum":1.872526491308e+00}
{"func":"lhaf_certified","matrix_dim":8,"batch":2048,"repeats":3,"evals_per_sec_median":4.381447e+05,"evals_per_sec_iqr":2.197206e+03,"evals_per_sec_best":4.397167e+05,"checksum":2.004585342361e+01}
{"func":"lhaf_certified","matrix_dim":12,"batch":2048,"repeats":3,"evals_per_sec_median":3.370716e+04,"evals_per_sec_iqr":1.105486e+02,"evals_per_sec_best":3.371189e+04,"checksum":6.220382062537e+00}
{"func":"tor_certified","matrix_dim":8,"batch":2048,"repeats":3,"evals_per_sec_median":1.526392e+06,"evals_per_sec_iqr":3.770809e+03,"evals_per_sec_best":1.527269e+06,"checksum":2.378454118922e+01}
{"func":"tor_certified","matrix_dim":12,"batch":2048,"repeats":3,"evals_per_sec_median":1.590822e+05,"evals_per_sec_iqr":1.116322e+02,"evals_per_sec_best":1.590933e+05,"checksum":1.286580431800e+01}
{"func":"tor_certified","matrix_dim":16,"batch":2048,"repeats":3,"evals_per_sec_median":1.989688e+04,"evals_per_sec_iqr":2.952935e+01,"evals_per_sec_best":1.992354e+04,"checksum":2.545614310601e+01}
{"func":"haf_dd_certified","matrix_dim":8,"batch":2048,"repeats":3,"evals_per_sec_median":2.590381e+05,"evals_per_sec_iqr":5.734775e+02,"evals_per_sec_best":2.594158e+05,"checksum":1.630652659287e+01}
{"func":"haf_dd_certified","matrix_dim":12,"batch":2048,"repeats":3,"evals_per_sec_median":1.453340e+04,"evals_per_sec_iqr":3.305497e+01,"evals_per_sec_best":1.455164e+04,"checksum":4.745852579259e+00}
{"func":"tor_single","matrix_dim":32,"batch":1,"repeats":3,"evals_per_sec_median":8.431732e+02,"evals_per_sec_iqr":4.970185e+01,"evals_per_sec_best":8.471661e+02,"checksum":1.891153900146e-12}
{"func":"tor_single","matrix_dim":40,"batch":1,"repeats":3,"evals_per_sec_median":1.225371e+02,"evals_per_sec_iqr":1.143754e+00,"evals_per_sec_best":1.227350e+02,"checksum":-5.984102102730e-13}
{"func":"tor_single","matrix_dim":48,"batch":1,"repeats":3,"evals_per_sec_median":6.283560e+00,"evals_per_sec_iqr":4.195004e-03,"evals_per_sec_best":6.285615e+00,"checksum":-1.798561299893e-13}
{"func":"tor_single","matrix_dim":52,"batch":1,"repeats":3,"evals_per_sec_median":1.337725e+00,"evals_per_sec_iqr":9.419680e-04,"evals_per_sec_best":1.337918e+00,"checksum":5.714539952351e-12}
{"func":"tor_dd","matrix_dim":8,"batch":2048,"repeats":3,"evals_per_sec_median":3.892367e+06,"evals_per_sec_iqr":1.673990e+04,"evals_per_sec_best":3.907293e+06,"checksum":1.924719446187e-02}
{"func":"tor_dd","matrix_dim":12,"batch":2048,"repeats":3,"evals_per_sec_median":4.403937e+05,"evals_per_sec_iqr":5.171181e+02,"evals_per_sec_best":4.409540e+05,"checksum":1.881209386279e-04}
{"func":"tor_dd","matrix_dim":16,"batch":2048,"repeats":3,"evals_per_sec_median":5.744388e+04,"evals_per_sec_iqr":5.394370e+01,"evals_per_sec_best":5.744630e+04,"checksum":2.715704140826e-06}
==PROF== Disconnected from process 8204
==PROF== Connected to process 8235 (/root/GBSKernels/core/build/bench_kernels)
{"func":"perm","matrix_dim":8,"batch":2048,"repeats":3,"evals_per_sec_median":7.394303e+06,"evals_per_sec_iqr":2.205851e+04,"evals_per_sec_best":7.399673e+06,"checksum":6.373380114700e+04}
{"func":"perm","matrix_dim":12,"batch":2048,"repeats":3,"evals_per_sec_median":3.937649e+05,"evals_per_sec_iqr":1.726253e+03,"evals_per_sec_best":3.937907e+05,"checksum":3.117290470793e+06}
{"func":"perm","matrix_dim":16,"batch":2048,"repeats":3,"evals_per_sec_median":1.849315e+04,"evals_per_sec_iqr":3.704014e+01,"evals_per_sec_best":1.852130e+04,"checksum":2.791981220566e+08}
{"func":"perm_coop","groups":8,"matrix_dim":12,"batch":2048,"repeats":3,"evals_per_sec_median":3.236011e+06,"evals_per_sec_iqr":2.776671e+04,"evals_per_sec_best":3.274505e+06,"checksum":3.117290470793e+06}
{"func":"perm_coop","groups":8,"matrix_dim":16,"batch":2048,"repeats":3,"evals_per_sec_median":1.787912e+05,"evals_per_sec_iqr":3.815053e+02,"evals_per_sec_best":1.788888e+05,"checksum":2.791981220566e+08}
{"func":"perm_coop","groups":8,"matrix_dim":20,"batch":2048,"repeats":3,"evals_per_sec_median":8.482355e+03,"evals_per_sec_iqr":6.652534e+01,"evals_per_sec_best":8.507983e+03,"checksum":4.321364440415e+10}
{"func":"haf_coop","groups":8,"matrix_dim":12,"batch":2048,"repeats":3,"evals_per_sec_median":2.635425e+05,"evals_per_sec_iqr":1.074830e+02,"evals_per_sec_best":2.636432e+05,"checksum":5.291431136761e+04}
{"func":"haf_coop","groups":8,"matrix_dim":16,"batch":2048,"repeats":3,"evals_per_sec_median":2.137963e+04,"evals_per_sec_iqr":3.206876e+00,"evals_per_sec_best":2.138545e+04,"checksum":4.735955066745e+05}
{"func":"haf_coop","groups":8,"matrix_dim":20,"batch":2048,"repeats":3,"evals_per_sec_median":2.140008e+03,"evals_per_sec_iqr":3.160682e-01,"evals_per_sec_best":2.140202e+03,"checksum":5.617202296297e+06}
{"func":"lhaf_coop","groups":8,"matrix_dim":12,"batch":2048,"repeats":3,"evals_per_sec_median":2.236738e+05,"evals_per_sec_iqr":8.479024e+02,"evals_per_sec_best":2.244389e+05,"checksum":1.340510006050e+05}
{"func":"lhaf_coop","groups":8,"matrix_dim":16,"batch":2048,"repeats":3,"evals_per_sec_median":2.123949e+04,"evals_per_sec_iqr":7.760887e+00,"evals_per_sec_best":2.124990e+04,"checksum":1.503771221544e+06}
{"func":"tor_coop","groups":8,"matrix_dim":12,"batch":2048,"repeats":3,"evals_per_sec_median":1.779715e+06,"evals_per_sec_iqr":4.831058e+03,"evals_per_sec_best":1.785612e+06,"checksum":7.188371238747e-04}
{"func":"tor_coop","groups":8,"matrix_dim":16,"batch":2048,"repeats":3,"evals_per_sec_median":2.821630e+05,"evals_per_sec_iqr":3.129809e+02,"evals_per_sec_best":2.824054e+05,"checksum":1.734140231353e-05}
{"func":"tor_coop","groups":8,"matrix_dim":20,"batch":2048,"repeats":3,"evals_per_sec_median":4.160432e+04,"evals_per_sec_iqr":6.617081e+01,"evals_per_sec_best":4.170044e+04,"checksum":5.280263995346e-07}
{"func":"perm_coop","groups":32,"matrix_dim":12,"batch":2048,"repeats":3,"evals_per_sec_median":3.294368e+06,"evals_per_sec_iqr":2.240464e+04,"evals_per_sec_best":3.321882e+06,"checksum":3.117290470793e+06}
{"func":"perm_coop","groups":32,"matrix_dim":16,"batch":2048,"repeats":3,"evals_per_sec_median":1.891100e+05,"evals_per_sec_iqr":6.705898e+01,"evals_per_sec_best":1.891829e+05,"checksum":2.791981220566e+08}
{"func":"perm_coop","groups":32,"matrix_dim":20,"batch":2048,"repeats":3,"evals_per_sec_median":9.607439e+03,"evals_per_sec_iqr":1.390092e+00,"evals_per_sec_best":9.609316e+03,"checksum":4.321364440415e+10}
{"func":"haf_coop","groups":32,"matrix_dim":12,"batch":2048,"repeats":3,"evals_per_sec_median":9.501726e+04,"evals_per_sec_iqr":1.156524e+02,"evals_per_sec_best":9.519534e+04,"checksum":5.291431136761e+04}
{"func":"haf_coop","groups":32,"matrix_dim":16,"batch":2048,"repeats":3,"evals_per_sec_median":8.049625e+03,"evals_per_sec_iqr":8.818816e+00,"evals_per_sec_best":8.055265e+03,"checksum":4.735955066745e+05}
{"func":"haf_coop","groups":32,"matrix_dim":20,"batch":2048,"repeats":3,"evals_per_sec_median":7.910619e+02,"evals_per_sec_iqr":4.182483e-01,"evals_per_sec_best":7.914823e+02,"checksum":5.617202296297e+06}
{"func":"lhaf_coop","groups":32,"matrix_dim":12,"batch":2048,"repeats":3,"evals_per_sec_median":8.344735e+04,"evals_per_sec_iqr":1.549220e+02,"evals_per_sec_best":8.356499e+04,"checksum":1.340510006050e+05}
{"func":"lhaf_coop","groups":32,"matrix_dim":16,"batch":2048,"repeats":3,"evals_per_sec_median":8.212640e+03,"evals_per_sec_iqr":8.337579e+00,"evals_per_sec_best":8.220185e+03,"checksum":1.503771221544e+06}
{"func":"tor_coop","groups":32,"matrix_dim":12,"batch":2048,"repeats":3,"evals_per_sec_median":7.958556e+05,"evals_per_sec_iqr":2.166856e+03,"evals_per_sec_best":7.978178e+05,"checksum":7.188371238698e-04}
{"func":"tor_coop","groups":32,"matrix_dim":16,"batch":2048,"repeats":3,"evals_per_sec_median":1.002340e+05,"evals_per_sec_iqr":2.121678e+02,"evals_per_sec_best":1.005501e+05,"checksum":1.734140233576e-05}
{"func":"tor_coop","groups":32,"matrix_dim":20,"batch":2048,"repeats":3,"evals_per_sec_median":1.304614e+04,"evals_per_sec_iqr":3.908255e+01,"evals_per_sec_best":1.312141e+04,"checksum":5.280264296226e-07}
{"func":"perm_warp","groups":32,"matrix_dim":12,"batch":2048,"repeats":3,"evals_per_sec_median":3.463274e+06,"evals_per_sec_iqr":2.368989e+03,"evals_per_sec_best":3.463508e+06,"checksum":3.117290470793e+06}
{"func":"perm_warp","groups":32,"matrix_dim":16,"batch":2048,"repeats":3,"evals_per_sec_median":1.895353e+05,"evals_per_sec_iqr":3.577032e+01,"evals_per_sec_best":1.895367e+05,"checksum":2.791981220566e+08}
{"func":"perm_warp","groups":32,"matrix_dim":20,"batch":2048,"repeats":3,"evals_per_sec_median":9.603060e+03,"evals_per_sec_iqr":4.151772e-01,"evals_per_sec_best":9.603361e+03,"checksum":4.321364440415e+10}
{"func":"perm_dd","matrix_dim":8,"batch":2048,"repeats":3,"evals_per_sec_median":7.973799e+05,"evals_per_sec_iqr":6.455084e+02,"evals_per_sec_best":7.978769e+05,"checksum":6.373380114700e+04}
{"func":"perm_dd","matrix_dim":12,"batch":2048,"repeats":3,"evals_per_sec_median":3.391499e+04,"evals_per_sec_iqr":3.678252e+00,"evals_per_sec_best":3.391659e+04,"checksum":3.117290470793e+06}
{"func":"perm_dd","matrix_dim":16,"batch":2048,"repeats":3,"evals_per_sec_median":1.581452e+03,"evals_per_sec_iqr":2.651714e-01,"evals_per_sec_best":1.581505e+03,"checksum":2.791981220566e+08}
{"func":"haf","matrix_dim":8,"batch":2048,"repeats":3,"evals_per_sec_median":2.578637e+06,"evals_per_sec_iqr":1.557735e+04,"evals_per_sec_best":2.599061e+06,"checksum":7.915371408232e+03}
{"func":"haf","matrix_dim":12,"batch":2048,"repeats":3,"evals_per_sec_median":1.327999e+05,"evals_per_sec_iqr":2.307431e+02,"evals_per_sec_best":1.328468e+05,"checksum":5.291431136761e+04}
{"func":"haf","matrix_dim":16,"batch":2048,"repeats":3,"evals_per_sec_median":1.018143e+04,"evals_per_sec_iqr":4.351930e+01,"evals_per_sec_best":1.024795e+04,"checksum":4.735955066745e+05}
{"func":"haf_small","matrix_dim":8,"batch":2048,"repeats":3,"evals_per_sec_median":2.576075e+06,"evals_per_sec_iqr":2.528930e+04,"evals_per_sec_best":2.588319e+06,"checksum":7.915371408232e+03}
{"func":"haf_small","matrix_dim":12,"batch":2048,"repeats":3,"evals_per_sec_median":1.333368e+05,"evals_per_sec_iqr":1.344861e+02,"evals_per_sec_best":1.335661e+05,"checksum":5.291431136761e+04}
{"func":"haf_dd","matrix_dim":8,"batch":2048,"repeats":3,"evals_per_sec_median":4.956368e+05,"evals_per_sec_iqr":7.419176e+02,"evals_per_sec_best":4.959898e+05,"checksum":7.915371408232e+03}
{"func":"haf_dd","matrix_dim":12,"batch":2048,"repeats":3,"evals_per_sec_median":2.587302e+04,"evals_per_sec_iqr":4.271218e+01,"evals_per_sec_best":2.593251e+04,"checksum":5.291431136761e+04}
{"func":"haf_dd","matrix_dim":16,"batch":2048,"repeats":3,"evals_per_sec_median":2.119106e+03,"evals_per_sec_iqr":2.594763e+00,"evals_per_sec_best":2.119951e+03,"checksum":4.735955066745e+05}
{"func":"lhaf","matrix_dim":8,"batch":2048,"repeats":3,"evals_per_sec_median":2.209141e+06,"evals_per_sec_iqr":1.682149e+04,"evals_per_sec_best":2.236914e+06,"checksum":1.604357154799e+04}
{"func":"lhaf","matrix_dim":12,"batch":2048,"repeats":3,"evals_per_sec_median":1.371801e+05,"evals_per_sec_iqr":1.898536e+02,"evals_per_sec_best":1.372449e+05,"checksum":1.34==ERROR== ERR_NVGPUCTRPERM - The user does not have permission to access NVIDIA GPU Performance Counters on the target device 0. For instructions on enabling permissions and to get more information see https://developer.nvidia.com/ERR_NVGPUCTRPERM
0510006050e+05}
{"func":"lhaf","matrix_dim":16,"batch":2048,"repeats":3,"evals_per_sec_median":1.173385e+04,"evals_per_sec_iqr":1.625135e+01,"evals_per_sec_best":1.176385e+04,"checksum":1.503771221544e+06}
{"func":"lhaf_dd","matrix_dim":8,"batch":2048,"repeats":3,"evals_per_sec_median":3.899546e+05,"evals_per_sec_iqr":8.312767e+02,"evals_per_sec_best":3.901804e+05,"checksum":1.604357154799e+04}
{"func":"lhaf_dd","matrix_dim":12,"batch":2048,"repeats":3,"evals_per_sec_median":2.223709e+04,"evals_per_sec_iqr":2.323536e+01,"evals_per_sec_best":2.226310e+04,"checksum":1.340510006050e+05}
{"func":"tor","matrix_dim":8,"batch":2048,"repeats":3,"evals_per_sec_median":5.966514e+06,"evals_per_sec_iqr":1.590924e+04,"evals_per_sec_best":5.983248e+06,"checksum":4.161596923348e-02}
{"func":"tor","matrix_dim":12,"batch":2048,"repeats":3,"evals_per_sec_median":7.650892e+05,"evals_per_sec_iqr":2.379012e+03,"evals_per_sec_best":7.671702e+05,"checksum":7.188371238743e-04}
{"func":"tor","matrix_dim":16,"batch":2048,"repeats":3,"evals_per_sec_median":1.039517e+05,"evals_per_sec_iqr":6.183716e+01,"evals_per_sec_best":1.040588e+05,"checksum":1.734140231239e-05}
{"func":"tor_real_chol","matrix_dim":8,"batch":2048,"repeats":3,"evals_per_sec_median":1.670473e+07,"evals_per_sec_iqr":1.213785e+05,"evals_per_sec_best":1.678290e+07,"checksum":1.944262062066e-02}
{"func":"tor_recursive","matrix_dim":8,"batch":2048,"repeats":3,"evals_per_sec_median":6.095075e+06,"evals_per_sec_iqr":1.964699e+05,"evals_per_sec_best":6.161808e+06,"checksum":1.944262062061e-02}
{"func":"tor_real_chol","matrix_dim":12,"batch":2048,"repeats":3,"evals_per_sec_median":3.384520e+06,"evals_per_sec_iqr":1.051712e+04,"evals_per_sec_best":3.390852e+06,"checksum":1.848956405966e-04}
{"func":"tor_recursive","matrix_dim":12,"batch":2048,"repeats":3,"evals_per_sec_median":3.008102e+06,"evals_per_sec_iqr":2.097792e+05,"evals_per_sec_best":3.405908e+06,"checksum":1.848956406342e-04}
{"func":"tor_real_chol","matrix_dim":16,"batch":2048,"repeats":3,"evals_per_sec_median":5.079684e+05,"evals_per_sec_iqr":1.197108e+03,"evals_per_sec_best":5.098753e+05,"checksum":2.659397921212e-06}
{"func":"tor_recursive","matrix_dim":16,"batch":2048,"repeats":3,"evals_per_sec_median":8.630306e+05,"evals_per_sec_iqr":8.401101e+03,"evals_per_sec_best":8.644626e+05,"checksum":2.659398137927e-06}
{"func":"perm_certified","matrix_dim":8,"batch":2048,"repeats":3,"evals_per_sec_median":9.663550e+05,"evals_per_sec_iqr":2.039118e+03,"evals_per_sec_best":9.675882e+05,"checksum":4.357675557101e+00}
{"func":"perm_certified","matrix_dim":12,"batch":2048,"repeats":3,"evals_per_sec_median":4.328302e+04,"evals_per_sec_iqr":1.533026e+01,"evals_per_sec_best":4.328922e+04,"checksum":1.633319352944e+00}
{"func":"perm_certified","matrix_dim":16,"batch":2048,"repeats":3,"evals_per_sec_median":2.060806e+03,"evals_per_sec_iqr":1.118459e-01,"evals_per_sec_best":2.060874e+03,"checksum":1.207922004873e+00}
{"func":"haf_certified","matrix_dim":8,"batch":2048,"repeats":3,"evals_per_sec_median":7.676818e+05,"evals_per_sec_iqr":1.529152e+04,"evals_per_sec_best":7.779760e+05,"checksum":1.630652659287e+01}
{"func":"haf_certified","matrix_dim":12,"batch":2048,"repeats":3,"evals_per_sec_median":5.075473e+04,"evals_per_sec_iqr":5.966735e+02,"evals_per_sec_best":5.130710e+04,"checksum":4.745852579259e+00}
{"func":"haf_certified","matrix_dim":16,"batch":2048,"repeats":3,"evals_per_sec_median":4.660045e+03,"evals_per_sec_iqr":2.375459e+01,"evals_per_sec_best":4.683314e+03,"checksum":1.872526491308e+00}
{"func":"lhaf_certified","matrix_dim":8,"batch":2048,"repeats":3,"evals_per_sec_median":4.376624e+05,"evals_per_sec_iqr":9.695293e+02,"evals_per_sec_best":4.380425e+05,"checksum":2.004585342361e+01}
{"func":"lhaf_certified","matrix_dim":12,"batch":2048,"repeats":3,"evals_per_sec_median":3.383502e+04,"evals_per_sec_iqr":2.843289e+02,"evals_per_sec_best":3.384391e+04,"checksum":6.220382062537e+00}
{"func":"tor_certified","matrix_dim":8,"batch":2048,"repeats":3,"evals_per_sec_median":1.513510e+06,"evals_per_sec_iqr":6.672228e+03,"evals_per_sec_best":1.513723e+06,"checksum":2.378454118922e+01}
{"func":"tor_certified","matrix_dim":12,"batch":2048,"repeats":3,"evals_per_sec_median":1.587603e+05,"evals_per_sec_iqr":9.203213e+01,"evals_per_sec_best":1.587957e+05,"checksum":1.286580431800e+01}
{"func":"tor_certified","matrix_dim":16,"batch":2048,"repeats":3,"evals_per_sec_median":1.991970e+04,"evals_per_sec_iqr":1.556085e+01,"evals_per_sec_best":1.992069e+04,"checksum":2.545614310601e+01}
{"func":"haf_dd_certified","matrix_dim":8,"batch":2048,"repeats":3,"evals_per_sec_median":2.576555e+05,"evals_per_sec_iqr":1.528676e+03,"evals_per_sec_best":2.589669e+05,"checksum":1.630652659287e+01}
{"func":"haf_dd_certified","matrix_dim":12,"batch":2048,"repeats":3,"evals_per_sec_median":1.452038e+04,"evals_per_sec_iqr":5.431810e+01,"evals_per_sec_best":1.456588e+04,"checksum":4.745852579259e+00}
{"func":"tor_single","matrix_dim":32,"batch":1,"repeats":3,"evals_per_sec_median":8.416750e+02,"evals_per_sec_iqr":4.896605e+01,"evals_per_sec_best":8.437138e+02,"checksum":1.891153900146e-12}
{"func":"tor_single","matrix_dim":40,"batch":1,"repeats":3,"evals_per_sec_median":1.222807e+02,"evals_per_sec_iqr":3.574995e-01,"evals_per_sec_best":1.225222e+02,"checksum":-5.984102102730e-13}
{"func":"tor_single","matrix_dim":48,"batch":1,"repeats":3,"evals_per_sec_median":6.284086e+00,"evals_per_sec_iqr":3.911353e-03,"evals_per_sec_best":6.285668e+00,"checksum":-1.798561299893e-13}
{"func":"tor_single","matrix_dim":52,"batch":1,"repeats":3,"evals_per_sec_median":1.336280e+00,"evals_per_sec_iqr":4.428004e-04,"evals_per_sec_best":1.336340e+00,"checksum":5.714539952351e-12}
{"func":"tor_dd","matrix_dim":8,"batch":2048,"repeats":3,"evals_per_sec_median":3.849559e+06,"evals_per_sec_iqr":6.348041e+03,"evals_per_sec_best":3.850000e+06,"checksum":1.924719446187e-02}
{"func":"tor_dd","matrix_dim":12,"batch":2048,"repeats":3,"evals_per_sec_median":4.403700e+05,"evals_per_sec_iqr":2.732899e+02,"evals_per_sec_best":4.407689e+05,"checksum":1.881209386279e-04}
{"func":"tor_dd","matrix_dim":16,"batch":2048,"repeats":3,"evals_per_sec_median":5.736755e+04,"evals_per_sec_iqr":3.135809e+01,"evals_per_sec_best":5.742691e+04,"checksum":2.715704140826e-06}
==PROF== Disconnected from process 8235
==PROF== Connected to process 8277 (/root/GBSKernels/core/build/bench_kernels)
{"func":"perm","matrix_dim":8,"batch":2048,"repeats":3,"evals_per_sec_median":7.351067e+06,"evals_per_sec_iqr":4.314409e+04,"evals_per_sec_best":7.372237e+06,"checksum":6.373380114700e+04}
{"func":"perm","matrix_dim":12,"batch":2048,"repeats":3,"evals_per_sec_median":3.882777e+05,"evals_per_sec_iqr":8.840130e+02,"evals_per_sec_best":3.892179e+05,"checksum":3.117290470793e+06}
{"func":"perm","matrix_dim":16,"batch":2048,"repeats":3,"evals_per_sec_median":1.866408e+04,"evals_per_sec_iqr":7.744069e+01,"evals_per_sec_best":1.866588e+04,"checksum":2.791981220566e+08}
{"func":"perm_coop","groups":8,"matrix_dim":12,"batch":2048,"repeats":3,"evals_per_sec_median":3.224547e+06,"evals_per_sec_iqr":2.294100e+04,"evals_per_sec_best":3.245292e+06,"checksum":3.117290470793e+06}
{"func":"perm_coop","groups":8,"matrix_dim":16,"batch":2048,"repeats":3,"evals_per_sec_median":1.779448e+05,"evals_per_sec_iqr":4.483369e+02,"evals_per_sec_best":1.784343e+05,"checksum":2.791981220566e+08}
{"func":"perm_coop","groups":8,"matrix_dim":20,"batch":2048,"repeats":3,"evals_per_sec_median":8.402561e+03,"evals_per_sec_iqr":1.031968e+02,"evals_per_sec_best":8.491905e+03,"checksum":4.321364440415e+10}
{"func":"haf_coop","groups":8,"matrix_dim":12,"batch":2048,"repeats":3,"evals_per_sec_median":2.639295e+05,"evals_per_sec_iqr":3.067435e+02,"evals_per_sec_best":2.639938e+05,"checksum":5.291431136761e+04}
{"func":"haf_coop","groups":8,"matrix_dim":16,"batch":2048,"repeats":3,"evals_per_sec_median":2.137309e+04,"evals_per_sec_iqr":3.231820e+00,"evals_per_sec_best":2.137605e+04,"checksum":4.735955066745e+05}
{"func":"haf_coop","groups":8,"matrix_dim":20,"batch":2048,"repeats":3,"evals_per_sec_median":2.139874e+03,"evals_per_sec_iqr":2.076219e-01,"evals_per_sec_best":2.140273e+03,"checksum":5.617202296297e+06}
{"func":"lhaf_coop","groups":8,"matrix_dim":12,"batch":2048,"repeats":3,"evals_per_sec_median":2.239320e+05,"evals_per_sec_iqr":1.755818e+02,"evals_per_sec_best":2.239744e+05,"checksum":1.340510006050e+05}
{"func":"lhaf_coop","groups":8,"matrix_dim":16,"batch":2048,"repeats":3,"evals_per_sec_median":2.125109e+04,"evals_per_sec_iqr":7.167001e-01,"evals_per_sec_best":2.125234e+04,"checksum":1.503771221544e+06}
{"func":"tor_coop","groups":8,"matrix_dim":12,"batch":2048,"repeats":3,"evals_per_sec_median":1.806368e+06,"evals_per_sec_iqr":1.595197e+03,"evals_per_sec_best":1.808618e+06,"checksum":7.188371238747e-04}
{"func":"tor_coop","groups":8,"matrix_dim":16,"batch":2048,"repeats":3,"evals_per_sec_median":2.825237e+05,"evals_per_sec_iqr":6.582538e+02,"evals_per_sec_best":2.827644e+05,"checksum":1.734140231353e-05}
{"func":"tor_coop","groups":8,"matrix_dim":20,"batch":2048,"repeats":3,"evals_per_sec_median":4.167253e+04,"evals_per_sec_iqr":5.265380e+01,"evals_per_sec_best":4.170693e+04,"checksum":5.280263995346e-07}
{"func":"perm_coop","groups":32,"matrix_dim":12,"batch":2048,"repeats":3,"evals_per_sec_median":3.348660e+06,"evals_per_sec_iqr":2.226172e+04,"evals_per_sec_best":3.390229e+06,"checksum":3.117290470793e+06}
{"func":"perm_coop","groups":32,"matrix_dim":16,"batch":2048,"repeats":3,"evals_per_sec_median":1.892554e+05,"evals_per_sec_iqr":5.302822e+01,"evals_per_sec_best":1.893577e+05,"checksum":2.791981220566e+08}
{"func":"perm_coop","groups":32,"matrix_dim":20,"batch":2048,"repeats":3,"evals_per_sec_median":9.589052e+03,"evals_per_sec_iqr":8.269307e-01,"evals_per_sec_best":9.589417e+03,"checksum":4.321364440415e+10}
{"func":"haf_coop","groups":32,"matrix_dim":12,"batch":2048,"repeats":3,"evals_per_sec_median":9.523567e+04,"evals_per_sec_iqr":1.584228e+02,"evals_per_sec_best":9.539146e+04,"checksum":5.291431136761e+04}
{"func":"haf_coop","groups":32,"matrix_dim":16,"batch":2048,"repeats":3,"evals_per_sec_median":8.053154e+03,"evals_per_sec_iqr":7.371714e+00,"evals_per_sec_best":8.054260e+03,"checksum":4.735955066745e+05}
{"func":"haf_coop","groups":32,"matrix_dim":20,"batch":2048,"repeats":3,"evals_per_sec_median":7.907759e+02,"evals_per_sec_iqr":5.891971e-02,"evals_per_sec_best":7.908569e+02,"checksum":5.617202296297e+06}
{"func":"lhaf_coop","groups":32,"matrix_dim":12,"batch":2048,"repeats":3,"evals_per_sec_median":8.327416e+04,"evals_per_sec_iqr":1.224826e+02,"evals_per_sec_best":8.346929e+04,"checksum":1.340510006050e+05}
{"func":"lhaf_coop","groups":32,"matrix_dim":16,"batch":2048,"repeats":3,"evals_per_sec_median":8.209798e+03,"evals_per_sec_iqr":1.056313e+01,"evals_per_sec_best":8.221211e+03,"checksum":1.503771221544e+06}
{"func":"tor_coop","groups":32,"matrix_dim":12,"batch":2048,"repeats":3,"evals_per_sec_median":8.090375e+05,"evals_per_sec_iqr":5.157973e+03,"evals_per_sec_best":8.106839e+05,"checksum":7.188371238698e-04}
{"func":"tor_coop","groups":32,"matrix_dim":16,"batch":2048,"repeats":3,"evals_per_sec_median":1.002408e+05,"evals_per_sec_iqr":1.139105e+02,"evals_per_sec_best":1.004562e+05,"checksum":1.734140233576e-05}
{"func":"tor_coop","groups":32,"matrix_dim":20,"batch":2048,"repeats":3,"evals_per_sec_median":1.309012e+04,"evals_per_sec_iqr":4.274005e+01,"evals_per_sec_best":1.313233e+04,"checksum":5.280264296226e-07}
{"func":"perm_warp","groups":32,"matrix_dim":12,"batch":2048,"repeats":3,"evals_per_sec_median":3.522786e+06,"evals_per_sec_iqr":4.548918e+03,"evals_per_sec_best":3.528978e+06,"checksum":3.117290470793e+06}
{"func":"perm_warp","groups":32,"matrix_dim":16,"batch":2048,"repeats":3,"evals_per_sec_median":1.899446e+05,"evals_per_sec_iqr":2.519601e+01,"evals_per_sec_best":1.899855e+05,"checksum":2.791981220566e+08}
{"func":"perm_warp","groups":32,"matrix_dim":20,"batch":2048,"repeats":3,"evals_per_sec_median":9.594923e+03,"evals_per_sec_iqr":3.153286e-01,"evals_per_sec_best":9.595047e+03,"checksum":4.321364440415e+10}
{"func":"perm_dd","matrix_dim":8,"batch":2048,"repeats":3,"evals_per_sec_median":7.993842e+05,"evals_per_sec_iqr":4.322283e+02,"evals_per_sec_best":8.000366e+05,"checksum":6.373380114700e+04}
{"func":"perm_dd","matrix_dim":12,"batch":2048,"repeats":3,"evals_per_sec_median":3.391677e+04,"evals_per_sec_iqr":3.856104e+00,"evals_per_sec_best":3.392099e+04,"checksum":3.117290470793e+06}
{"func":"perm_dd","matrix_dim":16,"batch":2048,"repeats":3,"evals_per_sec_median":1.581629e+03,"evals_per_sec_iqr":2.796803e-01,"evals_per_sec_best":1.581728e+03,"checksum":2.791981220566e+08}
{"func":"haf","matrix_dim":8,"batch":2048,"repeats":3,"evals_per_sec_median":2.625143e+06,"evals_per_sec_iqr":1.686038e+04,"evals_per_sec_best":2.638298e+06,"checksum":7.915371408232e+03}
{"func":"haf","matrix_dim":12,"batch":2048,"repeats":3,"evals_per_sec_median":1.329247e+05,"evals_per_sec_iqr":4.504729e+02,"evals_per_sec_best":1.333683e+05,"checksum":5.291431136761e+04}
{"func":"haf","matrix_dim":16,"batch":2048,"repeats":3,"evals_per_sec_median":1.019263e+04,"evals_per_sec_iqr":1.278736e+01,"evals_per_sec_best":1.021575e+04,"checksum":4.735955066745e+05}
{"func":"haf_small","matrix_dim":8,"batch":2048,"repeats":3,"evals_per_sec_median":2.612052e+06,"evals_per_sec_iqr":1.644833e+04,"evals_per_sec_best":2.617326e+06,"checksum":7.915371408232e+03}
{"func":"haf_small","matrix_dim":12,"batch":2048,"repeats":3,"evals_per_sec_median":1.336386e+05,"evals_per_sec_iqr":1.936668e+02,"evals_per_sec_best":1.338734e+05,"checksum":5.291431136761e+04}
{"func":"haf_dd","matrix_dim":8,"batch":2048,"repeats":3,"evals_per_sec_median":4.970248e+05,"evals_per_sec_iqr":5.720567e+02,"evals_per_sec_best":4.977314e+05,"checksum":7.915371408232e+03}
{"func":"haf_dd","matrix_dim":12,"batch":2048,"repeats":3,"evals_per_sec_median":2.590069e+04,"evals_per_sec_iqr":5.914045e+01,"evals_per_sec_best":2.598095e+04,"checksum":5.291431136761e+04}
{"func":"haf_dd","matrix_dim":16,"batch":2048,"repeats":3,"evals_per_sec_median":2.119564e+03,"evals_per_sec_iqr":3.745955e+00,"evals_per_sec_best":2.120510e+03,"checksum":4.735955066745e+05}
{"func":"lhaf","matrix_dim":8,"batch":2048,"repeats":3,"evals_per_sec_median":2.225635e+06,"evals_per_sec_iqr":1.474960e+04,"evals_per_sec_best":2.247346e+06,"checksum":1.604357154799e+04}
{"func":"lhaf","matrix_dim":12,"batch":2048,"repeats":3,"evals_per_sec_median":1.372682e+05,"evals_per_sec_iqr":3.550454e+02,"evals_per_sec_best":1.375614e+05,"checksum":1.340510006050e+05}
{"func":"lhaf","matrix_dim":16,"batch":2048,"repeats":3,"evals_per_sec_median":1.174753e+04,"evals_per_sec_iqr":1.135214e+01,"evals_per_sec_best":1.176805e+04,"checksum":1.503771221544e+06}
{"func":"lhaf_dd","matrix_dim":8,"batch":2048,"repeats":3,"evals_per_sec_median":3.896006e+05,"evals_per_sec_iqr":5.965509e+02,"evals_per_sec_best":3.907781e+05,"checksum":1.604357154799e+04}
{"func":"lhaf_dd","matrix_dim":12,"batch":2048,"repeats":3,"evals_per_sec_median":2.224852e+04,"evals_per_sec_iqr":2.781237e+01,"evals_per_sec_best":2.226973e+04,"checksum":1.340510006050e+05}
{"func":"tor","matrix_dim":8,"batch":2048,"repeats":3,"evals_per_sec_median":6.077151e+06,"evals_per_sec_iqr":3.348355e+04,"evals_per_sec_best":6.130103e+06,"checksum":4.161596923348e-02}
{"func":"tor","matrix_dim":12,"batch":2048,"repeats":3,"evals_per_sec_median":7.683901e+05,"evals_per_sec_iqr":7.670548e+02,"evals_per_sec_best":7.692559e+05,"checksum":7.188371238743e-04}
{"func":"tor","matrix_dim":16,"batch":2048,"repeats":3,"evals_per_sec_median":1.039722e+05,"evals_per_sec_iqr":6.727197e+01,"evals_per_sec_best":1.040811e+05,"checksum":1.734140231239e-05}
{"func":"tor_real_chol","matrix_dim":8,"batch":2048,"repeats":3,"evals_per_sec_median":1.711659e+07,"evals_per_sec_iqr":8.554324e+05,"evals_per_sec_best":1.755980e+07,"checksum":1.944262062066e-02}
{"func":"tor_recursive","matrix_dim":8,"batch":2048,"repeats":3,"evals_per_sec_median":1.839923e+07,"evals_per_sec_iqr":1.534874e+05,"evals_per_sec_best":1.853897e+07,"checksum":1.944262062061e-02}
{"func":"tor_real_chol","matrix_dim":12,"batch":2048,"repeats":3,"evals_per_sec_median":3.438099e+06,"evals_per_sec_iqr":2.656162e+04,"evals_per_sec_best":3.445323e+06,"checksum":1.848956405966e-04}
{"func":"tor_recursive","matrix_dim":12,"batch":2048,"repeats":3,"evals_per_sec_median":4.856199e+06,"evals_per_sec_iqr":9.949876e+03,"evals_per_sec_best":4.863580e+06,"checksum":1.848956406342e-04}
{"func":"tor_real_chol","matrix_dim":16,"batch":2048,"repeats":3,"evals_per_sec_median":5.082480e+05,"evals_per_sec_iqr":1.589791e+03,"evals_per_sec_best":5.109487e+05,"checksum":2.659397921212e-06}
{"func":"tor_recursive","matrix_dim":16,"batch":2048,"repeats":3,"evals_per_sec_median":9.574281e+05,"evals_per_sec_iqr":1.690288e+03,"evals_per_sec_best":9.592978e+05,"checksum":2.659398137927e-06}
{"func":"perm_certified","matrix_dim":8,"batch":2048,"repeats":3,"evals_per_sec_median":9.683925e+05,"evals_per_sec_iqr":1.204452e+03,"evals_per_sec_best":9.688786e+05,"checksum":4.357675557101e+00}
{"func":"perm_certified","matrix_dim":12,"batch":2048,"repeats":3,"evals_per_sec_median":4.328258e+04,"evals_per_sec_iqr":4.592340e+00,"evals_per_sec_best":4.328657e+04,"checksum":1.633319352944e+00}
{"func":"perm_certified","matrix_dim":16,"batch":2048,"repeats":3,"evals_per_sec_median":2.060785e+03,"evals_per_sec_iqr":2.688630e-01,"evals_per_sec_best":2.060863e+03,"checksum":1.207922004873e+00}
{"func":"haf_certified","matrix_dim":8,"batch":2048,"repeats":3,"evals_per_sec_median":7.729489e+05,"evals_per_sec_iqr":6.627352e+03,"evals_per_sec_best":7.767450e+05,"checksum":1.630652659287e+01}
{"func":"haf_certified","matrix_dim":12,"batch":2048,"repeats":3,"evals_per_sec_median":5.107731e+04,"evals_per_sec_iqr":2.945809e+02,"evals_per_sec_best":5.109163e+04,"checksum":4.745852579259e+00}
{"func":"haf_certified","matrix_dim":16,"batch":2048,"repeats":3,"evals_per_sec_median":4.665126e+03,"evals_per_sec_iqr":4.836639e+00,"evals_per_sec_best":4.665373e+03,"checksum":1.872526491308e+00}
{"func":"lhaf_certified","matrix_dim":8,"batch":2048,"repeats":3,"evals_per_sec_median":4.387884e+05,"evals_per_sec_iqr":2.521517e+03,"evals_per_sec_best":4.392467e+05,"checksum":2.004585342361e+01}
{"func":"lhaf_certified","matrix_dim":12,"batch":2048,"repeats":3,"evals_per_sec_median":3.360101e+04,"evals_per_sec_iqr":3.604245e+01,"evals_per_sec_best":3.361395e+04,"checksum":6.220382062537e+00}
{"func":"tor_certified","matrix_dim":8,"batch":2048,"repeats":3,"evals_per_sec_median":1.526642e+06,"evals_per_sec_iqr":3.913374e+03,"evals_per_sec_best":1.528556e+06,"checksum":2.378454118922e+01}
{"func":"tor_certified","matrix_dim":12,"batch":2048,"repeats":3,"evals_per_sec_median":1.589834e+05,"evals_per_sec_iqr":3.026258e+01,"evals_per_sec_best":1.590007e+05,"checksum":1.286580431800e+01}
{"func":"tor_certified","matrix_dim":16,"batch":2048,"repeats":3,"evals_per_sec_median":1.989623e+04,"evals_per_sec_iqr":2.443621e+01,"evals_per_sec_best":1.992041e+04,"checksum":2.545614310601e+01}
{"func":"haf_dd_certified","matrix_dim":8,"batch":2048,"repeats":3,"evals_per_sec_median":2.593420e+05,"evals_per_sec_iqr":4.842132e+02,"evals_per_sec_best":2.596211e+05,"checksum":1.630652659287e+01}
{"func":"haf_dd_certified","matrix_dim":12,"batch":2048,"repeats":3,"evals_per_sec_median":1.454751e+04,"evals_per_sec_iqr":3.970532e+01,"evals_per_sec_best":1.454922e+04,"checksum":4.745852579259e+00}
{"func":"tor_single","matrix_dim":32,"batch":1,"repeats":3,"evals_per_sec_median":8.406067e+02,"evals_per_sec_iqr":5.247034e+01,"evals_per_sec_best":8.493745e+02,"checksum":1.891153900146e-12}
{"func":"tor_single","matrix_dim":40,"batch":1,"repeats":3,"evals_per_sec_median":1.224232e+02,"evals_per_sec_iqr":4.714804e-01,"evals_per_sec_best":1.228117e+02,"checksum":-5.984102102730e-13}
{"func":"tor_single","matrix_dim":48,"batch":1,"repeats":3,"evals_per_sec_median":6.280965e+00,"evals_per_sec_iqr":8.912975e-03,"evals_per_sec_best":6.282711e+00,"checksum":-1.798561299893e-13}
{"func":"tor_single","matrix_dim":52,"batch":1,"repeats":3,"evals_per_sec_median":1.337866e+00,"evals_per_sec_iqr":3.068290e-04,"evals_per_sec_best":1.338080e+00,"checksum":5.714539952351e-12}
{"func":"tor_dd","matrix_dim":8,"batch":2048,"repeats":3,"evals_per_sec_median":3.899482e+06,"evals_per_sec_iqr":6.538035e+03,"evals_per_sec_best":3.907286e+06,"checksum":1.924719446187e-02}
{"func":"tor_dd","matrix_dim":12,"batch":2048,"repeats":3,"evals_per_sec_median":4.407839e+05,"evals_per_sec_iqr":4.439787e+02,"evals_per_sec_best":4.412255e+05,"checksum":1.881209386279e-04}
{"func":"tor_dd","matrix_dim":16,"batch":2048,"repeats":3,"evals_per_sec_median":5.744183e+04,"evals_per_sec_iqr":4.975687e+01,"evals_per_sec_best":5.748138e+04,"checksum":2.715704140826e-06}
==PROF== Disconnected from process 8277
==WARNING== No kernels were profiled.
Available Kernels:
1. haf_certified_kernel
2. haf_coop_map_kernel
3. haf_coop_reduce_kernel
4. haf_dd_certified_kernel
5. haf_powertrace_dd_kernel
6. haf_powertrace_fp64_kernel_t
7. lhaf_certified_kernel
8. loop_haf_coop_map_kernel
9. loop_haf_coop_reduce_kernel
10. loop_haf_dd_kernel
11. loop_haf_fp64_kernel
12. perm_certified_kernel
13. perm_glynn_coop_map_kernel
14. perm_glynn_coop_reduce_kernel
15. perm_glynn_dd_kernel
16. perm_glynn_fp64_kernel
17. perm_glynn_warp_kernel
18. tor_certified_kernel
19. tor_coop_map_kernel
20. tor_coop_reduce_kernel
21. tor_dd_kernel
22. tor_fp64_kernel
23. tor_real_chol_fp64_kernel
24. tor_recursive_real_kernel
25. tor_recursive_single_kernel
